,date,price
0,2020-07-23,0.46
1,2020-07-22,0.45
2,2020-07-21,0.46
3,2020-07-20,0.44
4,2020-07-17,0.46
5,2020-07-16,0.49
6,2020-07-15,0.47
7,2020-07-14,0.48
8,2020-07-13,0.50
9,2020-07-10,0.49
10,2020-07-09,0.48
11,2020-07-08,0.48
12,2020-07-07,0.45
13,2020-07-06,0.49
14,2020-07-03,0.50
15,2020-07-02,0.47
16,2020-07-01,0.48
17,2020-06-30,0.57
18,2020-06-29,0.49
19,2020-06-26,0.50
20,2020-06-25,0.47
21,2020-06-24,0.48
22,2020-06-23,0.47
23,2020-06-22,0.47
24,2020-06-19,0.46
25,2020-06-18,0.46
26,2020-06-17,0.47
27,2020-06-16,0.46
28,2020-06-15,0.46
29,2020-06-12,0.46
30,2020-06-11,0.49
31,2020-06-10,0.49
32,2020-06-09,0.50
33,2020-06-08,0.46
34,2020-06-05,0.47
35,2020-06-04,0.46
36,2020-06-03,0.47
37,2020-06-02,0.47
38,2020-06-01,0.49
39,2020-05-29,0.49
40,2020-05-28,0.49
41,2020-05-27,0.74
42,2020-05-26,0.72
43,2020-05-25,0.72
44,2020-05-22,0.72
45,2020-05-21,0.73
46,2020-05-20,0.72
47,2020-05-19,0.73
48,2020-05-18,0.71
49,2020-05-15,0.71
50,2020-05-14,0.72
51,2020-05-13,0.72
52,2020-05-12,0.73
53,2020-05-11,0.73
54,2020-05-08,0.72
55,2020-05-07,0.71
56,2020-05-06,0.72
57,2020-04-29,0.76
58,2020-04-28,0.73
59,2020-04-27,0.73
60,2020-04-24,0.74
61,2020-04-23,0.74
62,2020-04-22,0.74
63,2020-04-21,0.75
64,2020-04-20,0.75
65,2020-04-17,0.74
66,2020-04-16,0.73
67,2020-04-14,0.74
68,2020-04-13,0.75
69,2020-04-10,0.73
70,2020-04-09,0.73
71,2020-04-08,0.73
72,2020-04-07,0.74
73,2020-04-06,0.75
74,2020-04-03,0.73
75,2020-04-02,0.74
76,2020-04-01,0.76
77,2020-03-31,0.80
78,2020-03-30,0.76
79,2020-03-27,0.75
80,2020-03-26,0.73
81,2020-03-25,0.73
82,2020-03-24,0.72
83,2020-03-23,0.73
84,2020-03-20,0.73
85,2020-03-19,0.72
86,2020-03-18,0.73
87,2020-03-17,0.76
88,2020-03-16,1.27
89,2020-03-13,1.25
90,2020-03-12,1.25
91,2020-03-11,1.24
92,2020-03-10,1.25
93,2020-03-09,1.26
94,2020-03-06,1.24
95,2020-03-05,1.25
96,2020-03-04,1.25
97,2020-03-03,1.26
98,2020-03-02,1.26
99,2020-02-28,1.26
100,2020-02-27,1.23
101,2020-02-26,1.25
102,2020-02-25,1.25
103,2020-02-24,1.24
104,2020-02-21,1.23
105,2020-02-20,1.23
106,2020-02-19,1.24
107,2020-02-18,1.23
108,2020-02-17,1.24
109,2020-02-14,1.24
110,2020-02-13,1.26
111,2020-02-12,1.26
112,2020-02-11,1.26
113,2020-02-10,1.24
114,2020-02-07,1.22
115,2020-02-06,1.23
116,2020-02-05,1.23
117,2020-02-04,1.22
118,2020-02-03,1.22
119,2020-01-31,1.25
120,2020-01-30,1.24
121,2020-01-29,1.25
122,2020-01-28,1.26
123,2020-01-23,1.28
124,2020-01-22,1.28
125,2020-01-21,1.29
126,2020-01-20,1.28
127,2020-01-17,1.28
128,2020-01-16,1.27
129,2020-01-15,1.27
130,2020-01-14,1.27
131,2020-01-13,1.29
132,2020-01-10,1.28
133,2020-01-09,1.28
134,2020-01-08,1.25
135,2020-01-07,1.27
136,2020-01-06,1.29
137,2020-01-03,1.27
138,2020-01-02,1.30
139,2019-12-31,1.39
140,2019-12-30,1.31
141,2019-12-27,1.31
142,2019-12-26,1.31
143,2019-12-24,1.30
144,2019-12-23,1.29
145,2019-12-20,1.28
146,2019-12-19,1.29
147,2019-12-18,1.28
148,2019-12-17,1.28
149,2019-12-16,1.29
150,2019-12-13,1.30
151,2019-12-12,1.30
152,2019-12-11,1.26
153,2019-12-10,1.28
154,2019-12-09,1.26
155,2019-12-06,1.24
156,2019-12-05,1.25
157,2019-12-04,1.24
158,2019-12-03,1.24
159,2019-12-02,1.25
160,2019-11-29,1.28
161,2019-11-28,1.25
162,2019-11-27,1.26
163,2019-11-26,1.27
164,2019-11-25,1.27
165,2019-11-22,1.29
166,2019-11-21,1.29
167,2019-11-20,1.30
168,2019-11-19,1.29
169,2019-11-18,1.30
170,2019-11-15,1.30
171,2019-11-14,1.30
172,2019-11-13,1.32
173,2019-11-12,1.32
174,2019-11-11,1.30
175,2019-11-08,1.28
176,2019-11-07,1.26
177,2019-11-06,1.24
178,2019-11-05,1.25
179,2019-11-04,1.25
180,2019-11-01,1.25
181,2019-10-31,1.29
182,2019-10-30,1.26
183,2019-10-29,1.24
184,2019-10-28,1.54
185,2019-10-25,1.24
186,2019-10-24,1.23
187,2019-10-23,1.24
188,2019-10-22,1.24
189,2019-10-21,1.25
190,2019-10-18,1.25
191,2019-10-17,1.25
192,2019-10-16,1.28
193,2019-10-15,1.52
194,2019-10-14,1.53
195,2019-10-11,1.55
196,2019-10-10,1.51
197,2019-10-08,1.48
198,2019-10-07,1.46
199,2019-10-04,1.52
200,2019-10-02,1.51
201,2019-10-01,1.55
202,2019-09-30,1.58
203,2019-09-27,1.54
204,2019-09-26,1.53
205,2019-09-25,1.53
206,2019-09-24,1.51
207,2019-09-23,1.51
208,2019-09-20,1.51
209,2019-09-19,1.50
210,2019-09-18,1.50
211,2019-09-17,1.52
212,2019-09-16,1.52
213,2019-09-11,1.49
214,2019-09-10,1.51
215,2019-09-09,1.56
216,2019-09-06,1.53
217,2019-09-05,1.50
218,2019-09-04,1.49
219,2019-09-03,1.50
220,2019-09-02,1.50
221,2019-08-30,1.54
222,2019-08-29,1.51
223,2019-08-28,1.51
224,2019-08-27,1.53
225,2019-08-26,1.53
226,2019-08-23,1.53
227,2019-08-22,1.52
228,2019-08-21,1.51
229,2019-08-20,1.51
230,2019-08-19,1.51
231,2019-08-16,1.52
232,2019-08-14,1.52
233,2019-08-13,1.52
234,2019-08-12,1.52
235,2019-08-09,1.50
236,2019-08-08,1.49
237,2019-08-07,1.49
238,2019-08-06,1.49
239,2019-08-05,1.49
240,2019-08-02,1.48
241,2019-08-01,1.51
242,2019-07-31,1.56
243,2019-07-30,1.52
244,2019-07-29,1.50
245,2019-07-26,1.51
246,2019-07-25,1.50
247,2019-07-24,1.48
248,2019-07-23,1.48
249,2019-07-22,1.48
250,2019-07-19,1.49
251,2019-07-18,1.50
252,2019-07-17,1.72
253,2019-07-16,1.72
254,2019-07-15,1.73
255,2019-07-12,1.74
256,2019-07-11,1.75
257,2019-07-10,1.74
258,2019-07-09,1.69
259,2019-07-08,1.73
260,2019-07-05,1.73
261,2019-07-04,1.73
262,2019-07-03,1.73
263,2019-07-02,1.73
264,2019-07-01,1.75
265,2019-06-28,1.83
266,2019-06-27,1.77
267,2019-06-26,1.76
268,2019-06-25,1.75
269,2019-06-24,1.75
270,2019-06-21,1.74
271,2019-06-20,1.75
272,2019-06-19,1.76
273,2019-06-18,1.75
274,2019-06-17,1.76
275,2019-06-14,1.74
276,2019-06-13,1.75
277,2019-06-12,1.75
278,2019-06-11,1.75
279,2019-06-10,1.75
280,2019-06-07,1.77
281,2019-06-05,1.73
282,2019-06-04,1.75
283,2019-06-03,1.77
284,2019-05-31,1.79
285,2019-05-30,1.76
286,2019-05-29,1.75
287,2019-05-28,1.75
288,2019-05-27,1.75
289,2019-05-24,1.73
290,2019-05-23,1.74
291,2019-05-22,1.73
292,2019-05-21,1.73
293,2019-05-20,1.76
294,2019-05-17,1.74
295,2019-05-16,1.75
296,2019-05-15,1.76
297,2019-05-14,1.73
298,2019-05-13,1.75
299,2019-05-10,1.74
300,2019-05-09,1.73
301,2019-05-08,1.73
302,2019-05-07,1.73
303,2019-05-03,1.74
304,2019-05-02,1.75
305,2019-04-30,1.79
306,2019-04-29,1.73
307,2019-04-26,1.73
308,2019-04-25,1.73
309,2019-04-24,1.73
310,2019-04-23,1.75
311,2019-04-22,1.74
312,2019-04-19,1.75
313,2019-04-18,1.72
314,2019-04-17,1.73
315,2019-04-16,1.76
316,2019-04-15,1.77
317,2019-04-12,1.76
318,2019-04-11,1.78
319,2019-04-10,1.75
320,2019-04-09,1.77
321,2019-04-08,1.76
322,2019-04-05,1.75
323,2019-04-04,1.72
324,2019-04-03,1.70
325,2019-04-02,1.75
326,2019-04-01,1.75
327,2019-03-29,1.81
328,2019-03-28,1.76
329,2019-03-27,1.74
330,2019-03-26,1.77
331,2019-03-25,1.75
332,2019-03-22,1.75
333,2019-03-21,1.74
334,2019-03-20,1.74
335,2019-03-19,1.74
336,2019-03-18,1.76
337,2019-03-15,1.73
338,2019-03-14,1.75
339,2019-03-13,1.78
340,2019-03-12,1.76
341,2019-03-11,1.77
342,2019-03-08,1.78
343,2019-03-07,1.76
344,2019-03-06,1.75
345,2019-03-05,1.77
346,2019-03-04,1.76
347,2019-02-28,1.80
348,2019-02-27,1.77
349,2019-02-26,1.76
350,2019-02-25,1.77
351,2019-02-22,1.76
352,2019-02-21,1.76
353,2019-02-20,1.75
354,2019-02-19,1.76
355,2019-02-18,1.78
356,2019-02-15,1.77
357,2019-02-14,1.76
358,2019-02-13,1.74
359,2019-02-12,1.75
360,2019-02-11,1.74
361,2019-02-08,1.75
362,2019-02-07,1.75
363,2019-02-01,1.74
364,2019-01-31,1.81
365,2019-01-30,1.74
366,2019-01-29,1.74
367,2019-01-28,1.76
368,2019-01-25,1.76
369,2019-01-24,1.75
370,2019-01-23,1.78
371,2019-01-22,1.77
372,2019-01-21,1.76
373,2019-01-18,1.75
374,2019-01-17,1.75
375,2019-01-16,1.75
376,2019-01-15,1.74
377,2019-01-14,1.73
378,2019-01-11,1.75
379,2019-01-10,1.75
380,2019-01-09,1.73
381,2019-01-08,1.74
382,2019-01-07,1.74
383,2019-01-04,1.75
384,2019-01-03,1.77
385,2019-01-02,1.83
386,2018-12-31,1.89
387,2018-12-28,1.82
388,2018-12-27,1.82
389,2018-12-26,1.78
390,2018-12-24,1.77
391,2018-12-21,1.78
392,2018-12-20,1.77
393,2018-12-19,1.75
394,2018-12-18,1.75
395,2018-12-17,1.76
396,2018-12-14,1.76
397,2018-12-13,1.75
398,2018-12-12,1.77
399,2018-12-11,1.76
400,2018-12-10,1.76
401,2018-12-07,1.75
402,2018-12-06,1.71
403,2018-12-05,1.73
404,2018-12-04,1.68
405,2018-12-03,1.74
406,2018-11-30,1.76
407,2018-11-29,1.49
408,2018-11-28,1.48
409,2018-11-27,1.49
410,2018-11-26,1.52
411,2018-11-23,1.52
412,2018-11-22,1.53
413,2018-11-21,1.50
414,2018-11-20,1.52
415,2018-11-19,1.51
416,2018-11-16,1.52
417,2018-11-15,1.51
418,2018-11-14,1.50
419,2018-11-13,1.51
420,2018-11-12,1.50
421,2018-11-09,1.49
422,2018-11-08,1.48
423,2018-11-07,1.48
424,2018-11-06,1.44
425,2018-11-05,1.47
426,2018-11-02,1.45
427,2018-11-01,1.51
428,2018-10-31,1.57
429,2018-10-30,1.49
430,2018-10-29,1.49
431,2018-10-26,1.53
432,2018-10-25,1.54
433,2018-10-24,1.56
434,2018-10-23,1.54
435,2018-10-22,1.53
436,2018-10-19,1.50
437,2018-10-18,1.50
438,2018-10-17,1.51
439,2018-10-16,1.49
440,2018-10-15,1.50
441,2018-10-12,1.52
442,2018-10-11,1.50
443,2018-10-10,1.48
444,2018-10-08,1.47
445,2018-10-05,1.50
446,2018-10-04,1.50
447,2018-10-02,1.51
448,2018-10-01,1.55
449,2018-09-28,1.65
450,2018-09-27,1.59
451,2018-09-21,1.60
452,2018-09-20,1.55
453,2018-09-19,1.51
454,2018-09-18,1.51
455,2018-09-17,1.51
456,2018-09-14,1.51
457,2018-09-13,1.52
458,2018-09-12,1.51
459,2018-09-11,1.52
460,2018-09-10,1.55
461,2018-09-07,1.64
462,2018-09-06,1.51
463,2018-09-05,1.49
464,2018-09-04,1.45
465,2018-09-03,1.54
466,2018-08-31,1.55
467,2018-08-30,1.51
468,2018-08-29,1.49
469,2018-08-28,1.49
470,2018-08-27,1.49
471,2018-08-24,1.48
472,2018-08-23,1.50
473,2018-08-22,1.49
474,2018-08-21,1.49
475,2018-08-20,1.50
476,2018-08-17,1.49
477,2018-08-16,1.49
478,2018-08-14,1.49
479,2018-08-13,1.49
480,2018-08-10,1.48
481,2018-08-09,1.49
482,2018-08-08,1.48
483,2018-08-07,1.44
484,2018-08-06,1.49
485,2018-08-03,1.49
486,2018-08-02,1.49
487,2018-08-01,1.50
488,2018-07-31,1.52
489,2018-07-30,1.49
490,2018-07-27,1.49
491,2018-07-26,1.50
492,2018-07-25,1.50
493,2018-07-24,1.50
494,2018-07-23,1.48
495,2018-07-20,1.48
496,2018-07-19,1.48
497,2018-07-18,1.48
498,2018-07-17,1.47
499,2018-07-16,1.49
500,2018-07-13,1.48
501,2018-07-12,1.51
502,2018-07-11,1.48
503,2018-07-10,1.49
504,2018-07-09,1.49
505,2018-07-06,1.43
506,2018-07-05,1.46
507,2018-07-04,1.46
508,2018-07-03,1.47
509,2018-07-02,1.53
510,2018-06-29,1.57
511,2018-06-28,1.53
512,2018-06-27,1.49
513,2018-06-26,1.46
514,2018-06-25,1.50
515,2018-06-22,1.50
516,2018-06-21,1.49
517,2018-06-20,1.49
518,2018-06-19,1.47
519,2018-06-18,1.49
520,2018-06-15,1.49
521,2018-06-14,1.49
522,2018-06-12,1.47
523,2018-06-11,1.47
524,2018-06-08,1.49
525,2018-06-07,1.46
526,2018-06-05,1.48
527,2018-06-04,1.44
528,2018-06-01,1.50
529,2018-05-31,1.55
530,2018-05-30,1.52
531,2018-05-29,1.50
532,2018-05-28,1.51
533,2018-05-25,1.51
534,2018-05-24,1.50
535,2018-05-23,1.50
536,2018-05-21,1.49
537,2018-05-18,1.49
538,2018-05-17,1.48
539,2018-05-16,1.49
540,2018-05-15,1.49
541,2018-05-14,1.49
542,2018-05-11,1.49
543,2018-05-10,1.49
544,2018-05-09,1.48
545,2018-05-08,1.48
546,2018-05-04,1.49
547,2018-05-03,1.49
548,2018-05-02,1.50
549,2018-04-30,1.51
550,2018-04-27,1.46
551,2018-04-26,1.48
552,2018-04-25,1.48
553,2018-04-24,1.48
554,2018-04-23,1.47
555,2018-04-20,1.47
556,2018-04-19,1.47
557,2018-04-18,1.47
558,2018-04-17,1.47
559,2018-04-16,1.46
560,2018-04-13,1.49
561,2018-04-12,1.48
562,2018-04-11,1.48
563,2018-04-10,1.49
564,2018-04-09,1.48
565,2018-04-06,1.44
566,2018-04-05,1.46
567,2018-04-04,1.46
568,2018-04-03,1.44
569,2018-04-02,1.49
570,2018-03-30,1.54
571,2018-03-29,1.48
572,2018-03-28,1.48
573,2018-03-27,1.48
574,2018-03-26,1.50
575,2018-03-23,1.51
576,2018-03-22,1.50
577,2018-03-21,1.49
578,2018-03-20,1.49
579,2018-03-19,1.50
580,2018-03-16,1.50
581,2018-03-15,1.49
582,2018-03-14,1.50
583,2018-03-13,1.50
584,2018-03-12,1.50
585,2018-03-09,1.49
586,2018-03-08,1.50
587,2018-03-07,1.48
588,2018-03-06,1.43
589,2018-03-05,1.46
590,2018-03-02,1.50
591,2018-02-28,1.51
592,2018-02-27,1.50
593,2018-02-26,1.48
594,2018-02-23,1.48
595,2018-02-22,1.49
596,2018-02-21,1.48
597,2018-02-20,1.48
598,2018-02-19,1.50
599,2018-02-14,1.51
600,2018-02-13,1.51
601,2018-02-12,1.51
602,2018-02-09,1.50
603,2018-02-08,1.47
604,2018-02-07,1.49
605,2018-02-06,1.47
606,2018-02-05,1.48
607,2018-02-02,1.46
608,2018-02-01,1.50
609,2018-01-31,1.54
610,2018-01-30,1.49
611,2018-01-29,1.49
612,2018-01-26,1.49
613,2018-01-25,1.49
614,2018-01-24,1.49
615,2018-01-23,1.49
616,2018-01-22,1.49
617,2018-01-19,1.49
618,2018-01-18,1.49
619,2018-01-17,1.49
620,2018-01-16,1.50
621,2018-01-15,1.50
622,2018-01-12,1.50
623,2018-01-11,1.50
624,2018-01-10,1.51
625,2018-01-09,1.49
626,2018-01-08,1.46
627,2018-01-05,1.47
628,2018-01-04,1.48
629,2018-01-03,1.50
630,2018-01-02,1.52
631,2017-12-29,1.58
632,2017-12-28,1.55
633,2017-12-27,1.51
634,2017-12-26,1.52
635,2017-12-22,1.51
636,2017-12-21,1.53
637,2017-12-20,1.51
638,2017-12-19,1.50
639,2017-12-18,1.50
640,2017-12-15,1.51
641,2017-12-14,1.50
642,2017-12-13,1.50
643,2017-12-12,1.51
644,2017-12-11,1.52
645,2017-12-08,1.52
646,2017-12-07,1.49
647,2017-12-06,1.48
648,2017-12-05,1.47
649,2017-12-04,1.48
650,2017-12-01,1.48
651,2017-11-30,1.53
652,2017-11-29,1.26
653,2017-11-28,1.26
654,2017-11-27,1.26
655,2017-11-24,1.25
656,2017-11-23,1.25
657,2017-11-22,1.24
658,2017-11-21,1.25
659,2017-11-20,1.25
660,2017-11-17,1.24
661,2017-11-16,1.24
662,2017-11-15,1.24
663,2017-11-14,1.24
664,2017-11-13,1.25
665,2017-11-10,1.24
666,2017-11-09,1.24
667,2017-11-08,1.23
668,2017-11-07,1.25
669,2017-11-06,1.23
670,2017-11-03,1.24
671,2017-11-02,1.24
672,2017-11-01,1.24
673,2017-10-31,1.26
674,2017-10-30,1.23
675,2017-10-27,1.24
676,2017-10-26,1.25
677,2017-10-25,1.24
678,2017-10-24,1.24
679,2017-10-23,1.24
680,2017-10-20,1.24
681,2017-10-19,1.24
682,2017-10-18,1.24
683,2017-10-17,1.24
684,2017-10-16,1.25
685,2017-10-13,1.25
686,2017-10-12,1.25
687,2017-10-11,1.24
688,2017-10-10,1.26
689,2017-09-29,1.27
690,2017-09-28,1.26
691,2017-09-27,1.26
692,2017-09-26,1.25
693,2017-09-25,1.26
694,2017-09-22,1.25
695,2017-09-21,1.25
696,2017-09-20,1.25
697,2017-09-19,1.24
698,2017-09-18,1.25
699,2017-09-15,1.25
700,2017-09-14,1.26
701,2017-09-13,1.26
702,2017-09-12,1.26
703,2017-09-11,1.25
704,2017-09-08,1.25
705,2017-09-07,1.25
706,2017-09-06,1.24
707,2017-09-05,1.24
708,2017-09-04,1.25
709,2017-09-01,1.26
710,2017-08-31,1.27
711,2017-08-30,1.25
712,2017-08-29,1.25
713,2017-08-28,1.25
714,2017-08-25,1.24
715,2017-08-24,1.24
716,2017-08-23,1.23
717,2017-08-22,1.23
718,2017-08-21,1.23
719,2017-08-18,1.23
720,2017-08-17,1.22
721,2017-08-16,1.21
722,2017-08-14,1.21
723,2017-08-11,1.23
724,2017-08-10,1.23
725,2017-08-09,1.23
726,2017-08-08,1.18
727,2017-08-07,1.20
728,2017-08-04,1.22
729,2017-08-03,1.22
730,2017-08-02,1.21
731,2017-08-01,1.23
732,2017-07-31,1.24
733,2017-07-28,1.23
734,2017-07-27,1.24
735,2017-07-26,1.24
736,2017-07-25,1.24
737,2017-07-24,1.24
738,2017-07-21,1.24
739,2017-07-20,1.23
740,2017-07-19,1.23
741,2017-07-18,1.23
742,2017-07-17,1.23
743,2017-07-14,1.24
744,2017-07-13,1.24
745,2017-07-12,1.24
746,2017-07-11,1.24
747,2017-07-10,1.24
748,2017-07-07,1.24
749,2017-07-06,1.23
750,2017-07-05,1.22
751,2017-07-04,1.23
752,2017-07-03,1.26
753,2017-06-30,1.29
754,2017-06-29,1.27
755,2017-06-28,1.25
756,2017-06-27,1.25
757,2017-06-26,1.25
758,2017-06-23,1.24
759,2017-06-22,1.23
760,2017-06-21,1.23
761,2017-06-20,1.23
762,2017-06-19,1.23
763,2017-06-16,1.23
764,2017-06-15,1.23
765,2017-06-14,1.23
766,2017-06-13,1.23
767,2017-06-12,1.23
768,2017-06-09,1.23
769,2017-06-08,1.24
770,2017-06-07,1.23
771,2017-06-05,1.24
772,2017-06-02,1.22
773,2017-06-01,1.25
774,2017-05-31,1.26
775,2017-05-30,1.24
776,2017-05-29,1.23
777,2017-05-26,1.23
778,2017-05-25,1.22
779,2017-05-24,1.23
780,2017-05-23,1.23
781,2017-05-22,1.23
782,2017-05-19,1.23
783,2017-05-18,1.23
784,2017-05-17,1.23
785,2017-05-16,1.23
786,2017-05-15,1.23
787,2017-05-12,1.23
788,2017-05-11,1.23
789,2017-05-10,1.23
790,2017-05-08,1.23
791,2017-05-04,1.22
792,2017-05-02,1.22
793,2017-04-28,1.21
794,2017-04-27,1.17
795,2017-04-26,1.22
796,2017-04-25,1.23
797,2017-04-24,1.24
798,2017-04-21,1.24
799,2017-04-20,1.24
800,2017-04-19,1.23
801,2017-04-18,1.23
802,2017-04-17,1.23
803,2017-04-14,1.23
804,2017-04-13,1.23
805,2017-04-12,1.23
806,2017-04-11,1.23
807,2017-04-10,1.23
808,2017-04-07,1.23
809,2017-04-06,1.23
810,2017-04-05,1.23
811,2017-04-04,1.23
812,2017-04-03,1.25
813,2017-03-31,1.27
814,2017-03-30,1.25
815,2017-03-29,1.24
816,2017-03-28,1.22
817,2017-03-27,1.23
818,2017-03-24,1.22
819,2017-03-23,1.23
820,2017-03-22,1.22
821,2017-03-21,1.22
822,2017-03-20,1.22
823,2017-03-17,1.20
824,2017-03-16,1.22
825,2017-03-15,1.23
826,2017-03-14,1.23
827,2017-03-13,1.23
828,2017-03-10,1.24
829,2017-03-09,1.24
830,2017-03-08,1.23
831,2017-03-07,1.18
832,2017-03-06,1.20
833,2017-03-03,1.23
834,2017-03-02,1.24
835,2017-02-28,1.26
836,2017-02-27,1.24
837,2017-02-24,1.24
838,2017-02-23,1.24
839,2017-02-22,1.24
840,2017-02-21,1.23
841,2017-02-20,1.23
842,2017-02-17,1.23
843,2017-02-16,1.22
844,2017-02-15,1.23
845,2017-02-14,1.23
846,2017-02-13,1.23
847,2017-02-10,1.23
848,2017-02-09,1.23
849,2017-02-08,1.22
850,2017-02-07,1.21
851,2017-02-06,1.22
852,2017-02-03,1.23
853,2017-02-02,1.23
854,2017-02-01,1.23
855,2017-01-31,1.25
856,2017-01-26,1.26
857,2017-01-25,1.25
858,2017-01-24,1.25
859,2017-01-23,1.24
860,2017-01-20,1.24
861,2017-01-19,1.24
862,2017-01-18,1.23
863,2017-01-17,1.23
864,2017-01-16,1.24
865,2017-01-13,1.24
866,2017-01-12,1.23
867,2017-01-11,1.24
868,2017-01-10,1.25
869,2017-01-09,1.24
870,2017-01-06,1.24
871,2017-01-05,1.24
872,2017-01-04,1.24
873,2017-01-03,1.24
874,2017-01-02,1.26
875,2016-12-30,1.27
876,2016-12-29,1.24
877,2016-12-28,1.23
878,2016-12-27,1.24
879,2016-12-26,1.24
880,2016-12-23,1.24
881,2016-12-22,1.23
882,2016-12-21,1.22
883,2016-12-20,1.20
884,2016-12-19,1.23
885,2016-12-16,1.20
886,2016-12-15,1.22
887,2016-12-14,1.22
888,2016-12-13,1.22
889,2016-12-12,1.23
890,2016-12-09,1.23
891,2016-12-08,1.23
892,2016-12-07,1.23
893,2016-12-06,1.23
894,2016-12-05,1.20
895,2016-12-02,1.16
896,2016-12-01,1.21
897,2016-11-30,1.23
898,2016-11-29,1.20
899,2016-11-28,1.19
900,2016-11-25,1.22
901,2016-11-24,1.23
902,2016-11-23,1.23
903,2016-11-22,1.23
904,2016-11-21,1.19
905,2016-11-18,1.23
906,2016-11-17,1.24
907,2016-11-16,1.24
908,2016-11-15,1.24
909,2016-11-14,1.24
910,2016-11-11,1.23
911,2016-11-10,1.23
912,2016-11-09,1.24
913,2016-11-08,1.24
914,2016-11-07,1.24
915,2016-11-04,1.24
916,2016-11-03,1.22
917,2016-11-02,1.22
918,2016-11-01,1.22
919,2016-10-31,1.24
920,2016-10-28,1.18
921,2016-10-27,1.23
922,2016-10-26,1.23
923,2016-10-25,1.23
924,2016-10-24,1.24
925,2016-10-21,1.24
926,2016-10-20,1.23
927,2016-10-19,1.23
928,2016-10-18,1.23
929,2016-10-17,1.24
930,2016-10-14,1.24
931,2016-10-13,1.23
932,2016-10-12,1.24
933,2016-10-11,1.24
934,2016-10-10,1.23
935,2016-10-07,1.23
936,2016-10-06,1.24
937,2016-10-05,1.24
938,2016-10-04,1.25
939,2016-09-30,1.26
940,2016-09-29,1.25
941,2016-09-28,1.25
942,2016-09-27,1.24
943,2016-09-26,1.24
944,2016-09-23,1.24
945,2016-09-22,1.24
946,2016-09-21,1.24
947,2016-09-20,1.24
948,2016-09-19,1.24
949,2016-09-13,1.24
950,2016-09-12,1.24
951,2016-09-09,1.25
952,2016-09-08,1.25
953,2016-09-07,1.23
954,2016-09-06,1.24
955,2016-09-05,1.22
956,2016-09-02,1.23
957,2016-09-01,1.24
958,2016-08-31,1.25
959,2016-08-30,1.24
960,2016-08-29,1.24
961,2016-08-26,1.24
962,2016-08-25,1.24
963,2016-08-24,1.24
964,2016-08-23,1.23
965,2016-08-22,1.23
966,2016-08-19,1.23
967,2016-08-18,1.23
968,2016-08-17,1.23
969,2016-08-16,1.23
970,2016-08-12,1.23
971,2016-08-11,1.23
972,2016-08-10,1.23
973,2016-08-09,1.23
974,2016-08-08,1.23
975,2016-08-05,1.23
976,2016-08-04,1.23
977,2016-08-03,1.23
978,2016-08-02,1.23
979,2016-08-01,1.23
980,2016-07-29,1.24
981,2016-07-28,1.22
982,2016-07-27,1.21
983,2016-07-26,1.23
984,2016-07-25,1.23
985,2016-07-22,1.23
986,2016-07-21,1.23
987,2016-07-20,1.23
988,2016-07-19,1.23
989,2016-07-18,1.23
990,2016-07-15,1.23
991,2016-07-14,1.23
992,2016-07-13,1.23
993,2016-07-12,1.23
994,2016-07-11,1.23
995,2016-07-08,1.23
996,2016-07-07,1.23
997,2016-07-06,1.23
998,2016-07-05,1.23
999,2016-07-04,1.20
1000,2016-07-01,1.20
1001,2016-06-30,1.23
1002,2016-06-29,1.22
1003,2016-06-28,1.22
1004,2016-06-27,1.24
1005,2016-06-24,1.24
1006,2016-06-23,1.24
1007,2016-06-22,1.24
1008,2016-06-21,1.24
1009,2016-06-20,1.24
1010,2016-06-17,1.24
1011,2016-06-16,1.24
1012,2016-06-15,1.24
1013,2016-06-14,1.24
1014,2016-06-13,1.24
1015,2016-06-10,1.24
1016,2016-06-09,1.24
1017,2016-06-08,1.48
1018,2016-06-07,1.49
1019,2016-06-03,1.47
1020,2016-06-02,1.49
1021,2016-06-01,1.48
1022,2016-05-31,1.48
1023,2016-05-30,1.48
1024,2016-05-27,1.48
1025,2016-05-26,1.49
1026,2016-05-25,1.49
1027,2016-05-24,1.49
1028,2016-05-23,1.49
1029,2016-05-20,1.49
1030,2016-05-19,1.49
1031,2016-05-18,1.49
1032,2016-05-17,1.49
1033,2016-05-16,1.49
1034,2016-05-13,1.49
1035,2016-05-12,1.49
1036,2016-05-11,1.54
1037,2016-05-10,1.50
1038,2016-05-09,1.48
1039,2016-05-03,1.48
1040,2016-05-02,1.48
1041,2016-04-29,1.50
1042,2016-04-28,1.48
1043,2016-04-27,1.48
1044,2016-04-26,1.49
1045,2016-04-25,1.49
1046,2016-04-22,1.48
1047,2016-04-21,1.48
1048,2016-04-20,1.49
1049,2016-04-19,1.48
1050,2016-04-18,1.49
1051,2016-04-15,1.48
1052,2016-04-14,1.49
1053,2016-04-12,1.48
1054,2016-04-11,1.48
1055,2016-04-08,1.48
1056,2016-04-07,1.48
1057,2016-04-06,1.48
1058,2016-04-05,1.49
1059,2016-04-04,1.46
1060,2016-04-01,1.50
1061,2016-03-31,1.53
1062,2016-03-30,1.51
1063,2016-03-29,1.49
1064,2016-03-28,1.49
1065,2016-03-25,1.49
1066,2016-03-24,1.49
1067,2016-03-23,1.49
1068,2016-03-22,1.49
1069,2016-03-21,1.49
1070,2016-03-18,1.49
1071,2016-03-17,1.48
1072,2016-03-16,1.48
1073,2016-03-15,1.48
1074,2016-03-14,1.48
1075,2016-03-11,1.48
1076,2016-03-10,1.50
1077,2016-03-09,1.48
1078,2016-03-08,1.49
1079,2016-03-07,1.49
1080,2016-03-04,1.49
1081,2016-03-03,1.49
1082,2016-03-02,1.50
1083,2016-02-29,1.52
1084,2016-02-26,1.50
1085,2016-02-25,1.49
1086,2016-02-24,1.49
1087,2016-02-23,1.49
1088,2016-02-22,1.48
1089,2016-02-19,1.47
1090,2016-02-18,1.48
1091,2016-02-17,1.48
1092,2016-02-16,1.47
1093,2016-02-15,1.48
1094,2016-02-12,1.48
1095,2016-02-11,1.49
1096,2016-02-05,1.47
1097,2016-02-04,1.51
1098,2016-02-03,1.49
1099,2016-02-02,1.49
1100,2016-02-01,1.49
1101,2016-01-29,1.50
1102,2016-01-28,1.48
1103,2016-01-27,1.48
1104,2016-01-26,1.48
1105,2016-01-25,1.48
1106,2016-01-22,1.48
1107,2016-01-21,1.49
1108,2016-01-20,1.49
1109,2016-01-19,1.48
1110,2016-01-18,1.50
1111,2016-01-15,1.50
1112,2016-01-14,1.49
1113,2016-01-13,1.50
1114,2016-01-12,1.50
1115,2016-01-11,1.49
1116,2016-01-08,1.49
1117,2016-01-07,1.49
1118,2016-01-06,1.49
1119,2016-01-05,1.49
1120,2016-01-04,1.48
1121,2015-12-31,1.52
1122,2015-12-30,1.49
1123,2015-12-29,1.49
1124,2015-12-28,1.49
1125,2015-12-24,1.49
1126,2015-12-23,1.49
1127,2015-12-22,1.48
1128,2015-12-21,1.48
1129,2015-12-18,1.48
1130,2015-12-17,1.46
1131,2015-12-16,1.46
1132,2015-12-15,1.46
1133,2015-12-14,1.48
1134,2015-12-11,1.48
1135,2015-12-10,1.48
1136,2015-12-09,1.46
1137,2015-12-08,1.46
1138,2015-12-07,1.44
1139,2015-12-04,1.40
1140,2015-12-03,1.45
1141,2015-12-02,1.44
1142,2015-12-01,1.48
1143,2015-11-30,1.50
1144,2015-11-27,1.49
1145,2015-11-26,1.49
1146,2015-11-25,1.50
1147,2015-11-24,1.49
1148,2015-11-23,1.49
1149,2015-11-20,1.49
1150,2015-11-19,1.49
1151,2015-11-18,1.49
1152,2015-11-17,1.49
1153,2015-11-16,1.49
1154,2015-11-13,1.49
1155,2015-11-12,1.50
1156,2015-11-11,1.49
1157,2015-11-10,1.49
1158,2015-11-09,1.50
1159,2015-11-06,1.49
1160,2015-11-05,1.49
1161,2015-11-04,1.50
1162,2015-11-03,1.50
1163,2015-11-02,1.50
1164,2015-10-30,1.50
1165,2015-10-29,1.48
1166,2015-10-28,1.48
1167,2015-10-27,1.48
1168,2015-10-26,1.48
1169,2015-10-23,1.49
1170,2015-10-22,1.49
1171,2015-10-21,1.49
1172,2015-10-20,1.49
1173,2015-10-19,1.49
1174,2015-10-16,1.49
1175,2015-10-15,1.48
1176,2015-10-14,1.48
1177,2015-10-13,1.48
1178,2015-10-12,1.48
1179,2015-10-08,1.48
1180,2015-10-07,1.49
1181,2015-10-06,1.50
1182,2015-10-05,1.47
1183,2015-10-02,1.46
1184,2015-10-01,1.47
1185,2015-09-30,1.49
1186,2015-09-25,1.47
1187,2015-09-24,1.49
1188,2015-09-23,1.48
1189,2015-09-22,1.48
1190,2015-09-21,1.48
1191,2015-09-18,1.48
1192,2015-09-17,1.48
1193,2015-09-16,1.48
1194,2015-09-15,1.49
1195,2015-09-14,1.49
1196,2015-09-11,1.49
1197,2015-09-10,1.49
1198,2015-09-09,1.48
1199,2015-09-08,1.49
1200,2015-09-07,1.47
1201,2015-09-04,1.45
1202,2015-09-03,1.47
1203,2015-09-02,1.48
1204,2015-09-01,1.49
1205,2015-08-31,1.52
1206,2015-08-28,1.51
1207,2015-08-27,1.50
1208,2015-08-26,1.50
1209,2015-08-25,1.50
1210,2015-08-24,1.50
1211,2015-08-21,1.49
1212,2015-08-20,1.49
1213,2015-08-19,1.49
1214,2015-08-18,1.49
1215,2015-08-17,1.49
1216,2015-08-13,1.49
1217,2015-08-12,1.49
1218,2015-08-11,1.49
1219,2015-08-10,1.49
1220,2015-08-07,1.49
1221,2015-08-06,1.49
1222,2015-08-05,1.48
1223,2015-08-04,1.49
1224,2015-08-03,1.48
1225,2015-07-31,1.50
1226,2015-07-30,1.49
1227,2015-07-29,1.49
1228,2015-07-28,1.49
1229,2015-07-27,1.49
1230,2015-07-24,1.49
1231,2015-07-23,1.48
1232,2015-07-22,1.47
1233,2015-07-21,1.47
1234,2015-07-20,1.47
1235,2015-07-17,1.48
1236,2015-07-16,1.48
1237,2015-07-15,1.48
1238,2015-07-14,1.49
1239,2015-07-13,1.48
1240,2015-07-10,1.48
1241,2015-07-09,1.48
1242,2015-07-08,1.48
1243,2015-07-07,1.50
1244,2015-07-06,1.48
1245,2015-07-03,1.48
1246,2015-07-02,1.48
1247,2015-07-01,1.49
1248,2015-06-30,1.50
1249,2015-06-29,1.49
1250,2015-06-26,1.50
1251,2015-06-25,1.50
1252,2015-06-24,1.50
1253,2015-06-23,1.49
1254,2015-06-22,1.49
1255,2015-06-19,1.49
1256,2015-06-18,1.49
1257,2015-06-17,1.49
1258,2015-06-16,1.48
1259,2015-06-15,1.49
1260,2015-06-12,1.48
1261,2015-06-11,1.49
1262,2015-06-10,1.74
1263,2015-06-09,1.73
1264,2015-06-08,1.72
1265,2015-06-05,1.73
1266,2015-06-04,1.73
1267,2015-06-03,1.73
1268,2015-06-02,1.73
1269,2015-06-01,1.74
1270,2015-05-29,1.74
1271,2015-05-28,1.74
1272,2015-05-27,1.74
1273,2015-05-26,1.74
1274,2015-05-22,1.74
1275,2015-05-21,1.74
1276,2015-05-20,1.74
1277,2015-05-19,1.74
1278,2015-05-18,1.74
1279,2015-05-15,1.74
1280,2015-05-14,1.73
1281,2015-05-13,1.74
1282,2015-05-12,1.73
1283,2015-05-11,1.73
1284,2015-05-08,1.73
1285,2015-05-07,1.73
1286,2015-05-06,1.73
1287,2015-05-04,1.74
1288,2015-04-30,1.74
1289,2015-04-29,1.74
1290,2015-04-28,1.74
1291,2015-04-27,1.74
1292,2015-04-24,1.74
1293,2015-04-23,1.73
1294,2015-04-22,1.73
1295,2015-04-21,1.73
1296,2015-04-20,1.73
1297,2015-04-17,1.73
1298,2015-04-16,1.73
1299,2015-04-15,1.73
1300,2015-04-14,1.73
1301,2015-04-13,1.73
1302,2015-04-10,1.74
1303,2015-04-09,1.73
1304,2015-04-08,1.73
1305,2015-04-07,1.72
1306,2015-04-06,1.72
1307,2015-04-03,1.72
1308,2015-04-02,1.73
1309,2015-04-01,1.74
1310,2015-03-31,1.74
1311,2015-03-30,1.74
1312,2015-03-27,1.74
1313,2015-03-26,1.74
1314,2015-03-25,1.74
1315,2015-03-24,1.74
1316,2015-03-23,1.73
1317,2015-03-20,1.74
1318,2015-03-19,1.74
1319,2015-03-18,1.74
1320,2015-03-17,1.74
1321,2015-03-16,1.73
1322,2015-03-13,1.73
1323,2015-03-12,1.74
1324,2015-03-11,1.98
1325,2015-03-10,1.99
1326,2015-03-09,1.98
1327,2015-03-06,1.98
1328,2015-03-05,1.98
1329,2015-03-04,1.98
1330,2015-03-03,1.98
1331,2015-03-02,1.98
1332,2015-02-27,1.99
1333,2015-02-26,1.98
1334,2015-02-25,1.98
1335,2015-02-24,1.98
1336,2015-02-23,1.98
1337,2015-02-17,1.98
1338,2015-02-16,1.99
1339,2015-02-13,1.98
1340,2015-02-12,1.98
1341,2015-02-11,1.99
1342,2015-02-10,2.00
1343,2015-02-09,1.98
1344,2015-02-06,1.99
1345,2015-02-05,1.98
1346,2015-02-04,1.99
1347,2015-02-03,1.99
1348,2015-02-02,1.99
1349,2015-01-30,2.00
1350,2015-01-29,1.99
1351,2015-01-28,1.99
1352,2015-01-27,1.99
1353,2015-01-26,1.99
1354,2015-01-23,1.99
1355,2015-01-22,1.99
1356,2015-01-21,1.98
1357,2015-01-20,1.98
1358,2015-01-19,1.98
1359,2015-01-16,1.98
1360,2015-01-15,1.99
1361,2015-01-14,1.99
1362,2015-01-13,1.99
1363,2015-01-12,1.99
1364,2015-01-09,1.98
1365,2015-01-08,1.99
1366,2015-01-07,1.99
1367,2015-01-06,1.98
1368,2015-01-05,2.00
1369,2015-01-02,2.01
1370,2014-12-31,2.03
1371,2014-12-30,2.01
1372,2014-12-29,1.99
1373,2014-12-26,1.99
1374,2014-12-24,1.99
1375,2014-12-23,1.99
1376,2014-12-22,1.99
1377,2014-12-19,1.98
1378,2014-12-18,1.98
1379,2014-12-17,1.98
1380,2014-12-16,1.99
1381,2014-12-15,2.00
1382,2014-12-12,1.98
1383,2014-12-11,1.98
1384,2014-12-10,1.99
1385,2014-12-09,2.01
1386,2014-12-08,1.99
1387,2014-12-05,1.98
1388,2014-12-04,1.98
1389,2014-12-03,1.98
1390,2014-12-02,1.98
1391,2014-12-01,1.99
1392,2014-11-28,1.99
1393,2014-11-27,1.99
1394,2014-11-26,1.98
1395,2014-11-25,1.99
1396,2014-11-24,1.98
1397,2014-11-21,1.98
1398,2014-11-20,1.98
1399,2014-11-19,1.98
1400,2014-11-18,1.98
1401,2014-11-17,1.98
1402,2014-11-14,1.98
1403,2014-11-13,1.98
1404,2014-11-12,1.98
1405,2014-11-11,1.98
1406,2014-11-10,1.98
1407,2014-11-07,1.98
1408,2014-11-06,1.98
1409,2014-11-05,1.97
1410,2014-11-04,1.96
1411,2014-11-03,1.98
1412,2014-10-31,1.97
1413,2014-10-30,1.98
1414,2014-10-29,1.98
1415,2014-10-28,1.98
1416,2014-10-27,1.98
1417,2014-10-24,1.98
1418,2014-10-23,1.99
1419,2014-10-22,1.98
1420,2014-10-21,1.98
1421,2014-10-20,1.98
1422,2014-10-17,1.98
1423,2014-10-16,1.98
1424,2014-10-15,1.99
1425,2014-10-14,2.23
1426,2014-10-13,2.23
1427,2014-10-10,2.23
1428,2014-10-08,2.23
1429,2014-10-07,2.23
1430,2014-10-06,2.23
1431,2014-10-02,2.23
1432,2014-10-01,2.24
1433,2014-09-30,2.24
1434,2014-09-29,2.24
1435,2014-09-26,2.23
1436,2014-09-25,2.24
1437,2014-09-24,2.24
1438,2014-09-23,2.23
1439,2014-09-22,2.23
1440,2014-09-19,2.23
1441,2014-09-18,2.23
1442,2014-09-17,2.23
1443,2014-09-16,2.23
1444,2014-09-15,2.23
1445,2014-09-12,2.23
1446,2014-09-11,2.23
1447,2014-09-05,2.25
1448,2014-09-04,2.25
1449,2014-09-03,2.24
1450,2014-09-02,2.23
1451,2014-09-01,2.23
1452,2014-08-29,2.24
1453,2014-08-28,2.23
1454,2014-08-27,2.23
1455,2014-08-26,2.23
1456,2014-08-25,2.24
1457,2014-08-22,2.23
1458,2014-08-21,2.23
1459,2014-08-20,2.23
1460,2014-08-19,2.24
1461,2014-08-18,2.24
1462,2014-08-14,2.24
1463,2014-08-13,2.49
1464,2014-08-12,2.49
1465,2014-08-11,2.48
1466,2014-08-08,2.49
1467,2014-08-07,2.49
1468,2014-08-06,2.49
1469,2014-08-05,2.48
1470,2014-08-04,2.48
1471,2014-08-01,2.48
1472,2014-07-31,2.49
1473,2014-07-30,2.50
1474,2014-07-29,2.50
1475,2014-07-28,2.50
1476,2014-07-25,2.49
1477,2014-07-24,2.49
1478,2014-07-23,2.49
1479,2014-07-22,2.48
1480,2014-07-21,2.48
1481,2014-07-18,2.48
1482,2014-07-17,2.49
1483,2014-07-16,2.48
1484,2014-07-15,2.48
1485,2014-07-14,2.48
1486,2014-07-11,2.48
1487,2014-07-10,2.48
1488,2014-07-09,2.50
1489,2014-07-08,2.48
1490,2014-07-07,2.48
1491,2014-07-04,2.48
1492,2014-07-03,2.48
1493,2014-07-02,2.48
1494,2014-07-01,2.48
1495,2014-06-30,2.49
1496,2014-06-27,2.48
1497,2014-06-26,2.49
1498,2014-06-25,2.49
1499,2014-06-24,2.48
1500,2014-06-23,2.48
1501,2014-06-20,2.48
1502,2014-06-19,2.48
1503,2014-06-18,2.48
1504,2014-06-17,2.47
1505,2014-06-16,2.48
1506,2014-06-13,2.48
1507,2014-06-12,2.48
1508,2014-06-11,2.49
1509,2014-06-10,2.49
1510,2014-06-09,2.48
1511,2014-06-05,2.48
1512,2014-06-03,2.48
1513,2014-06-02,2.48
1514,2014-05-30,2.49
1515,2014-05-29,2.49
1516,2014-05-28,2.48
1517,2014-05-27,2.48
1518,2014-05-26,2.49
1519,2014-05-23,2.49
1520,2014-05-22,2.49
1521,2014-05-21,2.49
1522,2014-05-20,2.49
1523,2014-05-19,2.49
1524,2014-05-16,2.49
1525,2014-05-15,2.49
1526,2014-05-14,2.50
1527,2014-05-13,2.49
1528,2014-05-12,2.49
1529,2014-05-09,2.48
1530,2014-05-08,2.49
1531,2014-05-07,2.48
1532,2014-05-02,2.50
1533,2014-04-30,2.50
1534,2014-04-29,2.49
1535,2014-04-28,2.49
1536,2014-04-25,2.50
1537,2014-04-24,2.49
1538,2014-04-23,2.49
1539,2014-04-22,2.50
1540,2014-04-21,2.49
1541,2014-04-18,2.48
1542,2014-04-17,2.48
1543,2014-04-16,2.48
1544,2014-04-15,2.48
1545,2014-04-14,2.48
1546,2014-04-11,2.48
1547,2014-04-10,2.48
1548,2014-04-09,2.50
1549,2014-04-08,2.51
1550,2014-04-07,2.49
1551,2014-04-04,2.48
1552,2014-04-03,2.48
1553,2014-04-02,2.48
1554,2014-04-01,2.48
1555,2014-03-31,2.49
1556,2014-03-28,2.48
1557,2014-03-27,2.48
1558,2014-03-26,2.48
1559,2014-03-25,2.48
1560,2014-03-24,2.46
1561,2014-03-21,2.45
1562,2014-03-20,2.46
1563,2014-03-19,2.46
1564,2014-03-18,2.47
1565,2014-03-17,2.48
1566,2014-03-14,2.47
1567,2014-03-12,2.48
1568,2014-03-11,2.48
1569,2014-03-10,2.48
1570,2014-03-07,2.49
1571,2014-03-06,2.49
1572,2014-03-05,2.49
1573,2014-03-04,2.50
1574,2014-03-03,2.49
1575,2014-02-28,2.49
1576,2014-02-27,2.48
1577,2014-02-26,2.47
1578,2014-02-25,2.49
1579,2014-02-24,2.49
1580,2014-02-21,2.49
1581,2014-02-20,2.49
1582,2014-02-19,2.49
1583,2014-02-18,2.49
1584,2014-02-17,2.49
1585,2014-02-14,2.49
1586,2014-02-13,2.49
1587,2014-02-12,2.49
1588,2014-02-11,2.49
1589,2014-02-10,2.49
1590,2014-02-07,2.49
1591,2014-02-06,2.49
1592,2014-02-05,2.48
1593,2014-02-04,2.48
1594,2014-02-03,2.47
1595,2014-01-29,2.51
1596,2014-01-28,2.52
1597,2014-01-27,2.52
1598,2014-01-24,2.50
1599,2014-01-23,2.50
1600,2014-01-22,2.50
1601,2014-01-21,2.49
1602,2014-01-20,2.49
1603,2014-01-17,2.49
1604,2014-01-16,2.49
1605,2014-01-15,2.49
1606,2014-01-14,2.49
1607,2014-01-13,2.49
1608,2014-01-10,2.50
1609,2014-01-09,2.49
1610,2014-01-08,2.49
1611,2014-01-07,2.50
1612,2014-01-06,2.48
1613,2014-01-03,2.50
1614,2014-01-02,2.50
1615,2013-12-31,2.52
1616,2013-12-30,2.51
1617,2013-12-27,2.50
1618,2013-12-26,2.51
1619,2013-12-24,2.52
1620,2013-12-23,2.52
1621,2013-12-20,2.51
1622,2013-12-19,2.50
1623,2013-12-18,2.49
1624,2013-12-17,2.49
1625,2013-12-16,2.49
1626,2013-12-13,2.49
1627,2013-12-12,2.49
1628,2013-12-11,2.49
1629,2013-12-10,2.50
1630,2013-12-09,2.50
1631,2013-12-06,2.49
1632,2013-12-05,2.49
1633,2013-12-04,2.48
1634,2013-12-03,2.49
1635,2013-12-02,2.49
1636,2013-11-29,2.50
1637,2013-11-28,2.49
1638,2013-11-27,2.49
1639,2013-11-26,2.49
1640,2013-11-25,2.50
1641,2013-11-22,2.50
1642,2013-11-21,2.50
1643,2013-11-20,2.50
1644,2013-11-19,2.50
1645,2013-11-18,2.50
1646,2013-11-15,2.50
1647,2013-11-14,2.50
1648,2013-11-13,2.50
1649,2013-11-12,2.50
1650,2013-11-11,2.50
1651,2013-11-08,2.50
1652,2013-11-07,2.50
1653,2013-11-06,2.49
1654,2013-11-05,2.51
1655,2013-11-04,2.48
1656,2013-11-01,2.48
1657,2013-10-31,2.52
1658,2013-10-30,2.51
1659,2013-10-29,2.52
1660,2013-10-28,2.52
1661,2013-10-25,2.52
1662,2013-10-24,2.50
1663,2013-10-23,2.50
1664,2013-10-22,2.50
1665,2013-10-21,2.49
1666,2013-10-18,2.50
1667,2013-10-17,2.49
1668,2013-10-16,2.49
1669,2013-10-15,2.49
1670,2013-10-14,2.49
1671,2013-10-11,2.49
1672,2013-10-10,2.49
1673,2013-10-08,2.49
1674,2013-10-07,2.50
1675,2013-10-04,2.48
1676,2013-10-02,2.49
1677,2013-10-01,2.50
1678,2013-09-30,2.50
1679,2013-09-27,2.50
1680,2013-09-26,2.50
1681,2013-09-25,2.50
1682,2013-09-24,2.50
1683,2013-09-23,2.50
1684,2013-09-17,2.50
1685,2013-09-16,2.50
1686,2013-09-13,2.50
1687,2013-09-12,2.50
1688,2013-09-11,2.49
1689,2013-09-10,2.51
1690,2013-09-09,2.50
1691,2013-09-06,2.50
1692,2013-09-05,2.50
1693,2013-09-04,2.50
1694,2013-09-03,2.51
1695,2013-09-02,2.51
1696,2013-08-30,2.51
1697,2013-08-29,2.50
1698,2013-08-28,2.50
1699,2013-08-27,2.50
1700,2013-08-26,2.50
1701,2013-08-23,2.50
1702,2013-08-22,2.50
1703,2013-08-21,2.50
1704,2013-08-20,2.50
1705,2013-08-19,2.50
1706,2013-08-16,2.50
1707,2013-08-14,2.50
1708,2013-08-13,2.50
1709,2013-08-12,2.50
1710,2013-08-09,2.49
1711,2013-08-08,2.49
1712,2013-08-07,2.48
1713,2013-08-06,2.50
1714,2013-08-05,2.49
1715,2013-08-02,2.49
1716,2013-08-01,2.52
1717,2013-07-31,2.53
1718,2013-07-30,2.51
1719,2013-07-29,2.51
1720,2013-07-26,2.50
1721,2013-07-25,2.50
1722,2013-07-24,2.49
1723,2013-07-23,2.48
1724,2013-07-22,2.49
1725,2013-07-19,2.49
1726,2013-07-18,2.48
1727,2013-07-17,2.48
1728,2013-07-16,2.48
1729,2013-07-15,2.48
1730,2013-07-12,2.48
1731,2013-07-11,2.48
1732,2013-07-10,2.36
1733,2013-07-09,2.34
1734,2013-07-08,2.35
1735,2013-07-05,2.42
1736,2013-07-04,2.45
1737,2013-07-03,2.48
1738,2013-07-02,2.49
1739,2013-07-01,2.49
1740,2013-06-28,2.50
1741,2013-06-27,2.50
1742,2013-06-26,2.49
1743,2013-06-25,2.49
1744,2013-06-24,2.49
1745,2013-06-21,2.49
1746,2013-06-20,2.49
1747,2013-06-19,2.49
1748,2013-06-18,2.49
1749,2013-06-17,2.49
1750,2013-06-14,2.49
1751,2013-06-13,2.49
1752,2013-06-12,2.49
1753,2013-06-11,2.49
1754,2013-06-10,2.49
1755,2013-06-07,2.50
1756,2013-06-05,2.48
1757,2013-06-04,2.52
1758,2013-06-03,2.49
1759,2013-05-31,2.50
1760,2013-05-30,2.49
1761,2013-05-29,2.49
1762,2013-05-28,2.50
1763,2013-05-27,2.50
1764,2013-05-24,2.50
1765,2013-05-23,2.50
1766,2013-05-22,2.50
1767,2013-05-21,2.50
1768,2013-05-20,2.50
1769,2013-05-16,2.51
1770,2013-05-15,2.51
1771,2013-05-14,2.51
1772,2013-05-13,2.51
1773,2013-05-10,2.51
1774,2013-05-09,2.51
1775,2013-05-08,2.77
1776,2013-05-07,2.76
1777,2013-05-06,2.76
1778,2013-05-03,2.76
1779,2013-05-02,2.76
1780,2013-04-30,2.78
1781,2013-04-29,2.76
1782,2013-04-26,2.76
1783,2013-04-25,2.76
1784,2013-04-24,2.75
1785,2013-04-23,2.75
1786,2013-04-22,2.75
1787,2013-04-19,2.75
1788,2013-04-18,2.74
1789,2013-04-17,2.74
1790,2013-04-16,2.74
1791,2013-04-15,2.74
1792,2013-04-12,2.73
1793,2013-04-11,2.74
1794,2013-04-10,2.75
1795,2013-04-09,2.75
1796,2013-04-08,2.74
1797,2013-04-05,2.74
1798,2013-04-04,2.74
1799,2013-04-03,2.74
1800,2013-04-02,2.74
1801,2013-04-01,2.74
1802,2013-03-29,2.75
1803,2013-03-28,2.74
1804,2013-03-27,2.74
1805,2013-03-26,2.74
1806,2013-03-25,2.74
1807,2013-03-22,2.74
1808,2013-03-21,2.74
1809,2013-03-20,2.74
1810,2013-03-19,2.74
1811,2013-03-18,2.74
1812,2013-03-15,2.74
1813,2013-03-14,2.74
1814,2013-03-13,2.74
1815,2013-03-12,2.75
1816,2013-03-11,2.75
1817,2013-03-08,2.75
1818,2013-03-07,2.76
1819,2013-03-06,2.74
1820,2013-03-05,2.74
1821,2013-03-04,2.76
1822,2013-02-28,2.76
1823,2013-02-27,2.75
1824,2013-02-26,2.75
1825,2013-02-25,2.76
1826,2013-02-22,2.75
1827,2013-02-21,2.76
1828,2013-02-20,2.75
1829,2013-02-19,2.75
1830,2013-02-18,2.74
1831,2013-02-15,2.75
1832,2013-02-14,2.75
1833,2013-02-13,2.75
1834,2013-02-12,2.75
1835,2013-02-08,2.74
1836,2013-02-07,2.74
1837,2013-02-06,2.72
1838,2013-02-05,2.73
1839,2013-02-04,2.75
1840,2013-02-01,2.75
1841,2013-01-31,2.76
1842,2013-01-30,2.75
1843,2013-01-29,2.75
1844,2013-01-28,2.75
1845,2013-01-25,2.75
1846,2013-01-24,2.75
1847,2013-01-23,2.75
1848,2013-01-22,2.75
1849,2013-01-21,2.76
1850,2013-01-18,2.75
1851,2013-01-17,2.75
1852,2013-01-16,2.75
1853,2013-01-15,2.76
1854,2013-01-14,2.75
1855,2013-01-11,2.76
1856,2013-01-10,2.76
1857,2013-01-09,2.77
1858,2013-01-08,2.76
1859,2013-01-07,2.76
1860,2013-01-04,2.76
1861,2013-01-03,2.77
1862,2013-01-02,2.77
1863,2012-12-31,2.77
1864,2012-12-28,2.75
1865,2012-12-27,2.75
1866,2012-12-26,2.75
1867,2012-12-24,2.76
1868,2012-12-21,2.75
1869,2012-12-20,2.75
1870,2012-12-18,2.75
1871,2012-12-17,2.75
1872,2012-12-14,2.75
1873,2012-12-13,2.75
1874,2012-12-12,2.75
1875,2012-12-11,2.75
1876,2012-12-10,2.75
1877,2012-12-07,2.76
1878,2012-12-06,2.75
1879,2012-12-05,2.74
1880,2012-12-04,2.78
1881,2012-12-03,2.75
1882,2012-11-30,2.77
1883,2012-11-29,2.76
1884,2012-11-28,2.75
1885,2012-11-27,2.75
1886,2012-11-26,2.75
1887,2012-11-23,2.75
1888,2012-11-22,2.76
1889,2012-11-21,2.76
1890,2012-11-20,2.76
1891,2012-11-19,2.75
1892,2012-11-16,2.75
1893,2012-11-15,2.76
1894,2012-11-14,2.76
1895,2012-11-13,2.76
1896,2012-11-12,2.76
1897,2012-11-09,2.75
1898,2012-11-08,2.75
1899,2012-11-07,2.76
1900,2012-11-06,2.76
1901,2012-11-05,2.75
1902,2012-11-02,2.75
1903,2012-11-01,2.75
1904,2012-10-31,2.75
1905,2012-10-30,2.74
1906,2012-10-29,2.74
1907,2012-10-26,2.74
1908,2012-10-25,2.75
1909,2012-10-24,2.74
1910,2012-10-23,2.74
1911,2012-10-22,2.74
1912,2012-10-19,2.75
1913,2012-10-18,2.75
1914,2012-10-17,2.75
1915,2012-10-16,2.75
1916,2012-10-15,2.75
1917,2012-10-12,2.75
1918,2012-10-11,2.75
1919,2012-10-10,3.03
1920,2012-10-09,3.00
1921,2012-10-08,2.99
1922,2012-10-05,3.00
1923,2012-10-04,3.01
1924,2012-10-02,2.99
1925,2012-09-28,3.01
1926,2012-09-27,2.99
1927,2012-09-26,2.99
1928,2012-09-25,2.99
1929,2012-09-24,3.00
1930,2012-09-21,3.00
1931,2012-09-20,3.00
1932,2012-09-19,2.99
1933,2012-09-18,2.99
1934,2012-09-17,2.99
1935,2012-09-14,2.99
1936,2012-09-13,2.99
1937,2012-09-12,2.99
1938,2012-09-11,2.99
1939,2012-09-10,2.99
1940,2012-09-07,3.01
1941,2012-09-06,3.00
1942,2012-09-05,3.00
1943,2012-09-04,3.01
1944,2012-09-03,3.00
1945,2012-08-31,3.01
1946,2012-08-30,3.00
1947,2012-08-29,3.00
1948,2012-08-28,3.00
1949,2012-08-27,2.99
1950,2012-08-24,3.00
1951,2012-08-23,3.00
1952,2012-08-22,3.00
1953,2012-08-21,3.00
1954,2012-08-20,2.99
1955,2012-08-17,2.99
1956,2012-08-16,3.00
1957,2012-08-14,3.00
1958,2012-08-13,2.99
1959,2012-08-10,2.99
1960,2012-08-09,3.00
1961,2012-08-08,2.99
1962,2012-08-07,2.99
1963,2012-08-06,2.99
1964,2012-08-03,3.00
1965,2012-08-02,2.99
1966,2012-08-01,3.00
1967,2012-07-31,3.02
1968,2012-07-30,3.00
1969,2012-07-27,3.00
1970,2012-07-26,3.00
1971,2012-07-25,3.01
1972,2012-07-24,3.00
1973,2012-07-23,3.00
1974,2012-07-20,3.00
1975,2012-07-19,3.01
1976,2012-07-18,3.00
1977,2012-07-17,3.01
1978,2012-07-16,3.01
1979,2012-07-13,3.00
1980,2012-07-12,3.00
1981,2012-07-11,3.25
1982,2012-07-10,3.29
1983,2012-07-09,3.25
1984,2012-07-06,3.25
1985,2012-07-05,3.25
1986,2012-07-04,3.25
1987,2012-07-03,3.25
1988,2012-07-02,3.25
1989,2012-06-29,3.26
1990,2012-06-28,3.25
1991,2012-06-27,3.24
1992,2012-06-26,3.25
1993,2012-06-25,3.25
1994,2012-06-22,3.26
1995,2012-06-21,3.26
1996,2012-06-20,3.26
1997,2012-06-19,3.25
1998,2012-06-18,3.26
1999,2012-06-15,3.26
2000,2012-06-14,3.26
2001,2012-06-13,3.26
2002,2012-06-12,3.26
2003,2012-06-11,3.26
2004,2012-06-08,3.26
2005,2012-06-07,3.26
2006,2012-06-05,3.27
2007,2012-06-04,3.27
2008,2012-06-01,3.25
2009,2012-05-31,3.27
2010,2012-05-30,3.26
2011,2012-05-29,3.26
2012,2012-05-25,3.26
2013,2012-05-24,3.26
2014,2012-05-23,3.26
2015,2012-05-22,3.26
2016,2012-05-21,3.26
2017,2012-05-18,3.26
2018,2012-05-17,3.26
2019,2012-05-16,3.26
2020,2012-05-15,3.26
2021,2012-05-14,3.26
2022,2012-05-11,3.25
2023,2012-05-10,3.26
2024,2012-05-09,3.28
2025,2012-05-08,3.29
2026,2012-05-07,3.24
2027,2012-05-04,3.24
2028,2012-05-03,3.25
2029,2012-05-02,3.25
2030,2012-04-30,3.26
2031,2012-04-27,3.26
2032,2012-04-26,3.26
2033,2012-04-25,3.26
2034,2012-04-24,3.26
2035,2012-04-23,3.25
2036,2012-04-20,3.25
2037,2012-04-19,3.24
2038,2012-04-18,3.24
2039,2012-04-17,3.24
2040,2012-04-16,3.24
2041,2012-04-13,3.24
2042,2012-04-12,3.24
2043,2012-04-10,3.23
2044,2012-04-09,3.25
2045,2012-04-06,3.27
2046,2012-04-05,3.24
2047,2012-04-04,3.22
2048,2012-04-03,3.24
2049,2012-04-02,3.24
2050,2012-03-30,3.24
2051,2012-03-29,3.23
2052,2012-03-28,3.24
2053,2012-03-27,3.25
2054,2012-03-26,3.25
2055,2012-03-23,3.25
2056,2012-03-22,3.25
2057,2012-03-21,3.25
2058,2012-03-20,3.25
2059,2012-03-19,3.25
2060,2012-03-16,3.25
2061,2012-03-15,3.25
2062,2012-03-14,3.25
2063,2012-03-13,3.25
2064,2012-03-12,3.25
2065,2012-03-09,3.25
2066,2012-03-08,3.26
2067,2012-03-07,3.22
2068,2012-03-06,3.25
2069,2012-03-05,3.24
2070,2012-03-02,3.25
2071,2012-02-29,3.26
2072,2012-02-28,3.25
2073,2012-02-27,3.25
2074,2012-02-24,3.25
2075,2012-02-23,3.25
2076,2012-02-22,3.25
2077,2012-02-21,3.25
2078,2012-02-20,3.26
2079,2012-02-17,3.25
2080,2012-02-16,3.25
2081,2012-02-15,3.25
2082,2012-02-14,3.25
2083,2012-02-13,3.25
2084,2012-02-10,3.25
2085,2012-02-09,3.25
2086,2012-02-08,3.27
2087,2012-02-07,3.28
2088,2012-02-06,3.24
2089,2012-02-03,3.25
2090,2012-02-02,3.25
2091,2012-02-01,3.26
2092,2012-01-31,3.27
2093,2012-01-30,3.27
2094,2012-01-27,3.26
2095,2012-01-26,3.26
2096,2012-01-25,3.23
2097,2012-01-20,3.27
2098,2012-01-19,3.27
2099,2012-01-18,3.26
2100,2012-01-17,3.26
2101,2012-01-16,3.26
2102,2012-01-13,3.25
2103,2012-01-12,3.25
2104,2012-01-11,3.28
2105,2012-01-10,3.28
2106,2012-01-09,3.25
2107,2012-01-06,3.25
2108,2012-01-05,3.25
2109,2012-01-04,3.24
2110,2012-01-03,3.25
2111,2012-01-02,3.25
2112,2011-12-30,3.29
2113,2011-12-29,3.27
2114,2011-12-28,3.28
2115,2011-12-27,3.26
2116,2011-12-26,3.26
2117,2011-12-23,3.26
2118,2011-12-22,3.26
2119,2011-12-21,3.30
2120,2011-12-20,3.28
2121,2011-12-19,3.26
2122,2011-12-16,3.25
2123,2011-12-15,3.26
2124,2011-12-14,3.25
2125,2011-12-13,3.26
2126,2011-12-12,3.26
2127,2011-12-09,3.25
2128,2011-12-08,3.26
2129,2011-12-07,3.26
2130,2011-12-06,3.27
2131,2011-12-05,3.25
2132,2011-12-02,3.25
2133,2011-12-01,3.26
2134,2011-11-30,3.27
2135,2011-11-29,3.25
2136,2011-11-28,3.26
2137,2011-11-25,3.26
2138,2011-11-24,3.26
2139,2011-11-23,3.26
2140,2011-11-22,3.27
2141,2011-11-21,3.26
2142,2011-11-18,3.26
2143,2011-11-17,3.26
2144,2011-11-16,3.26
2145,2011-11-15,3.26
2146,2011-11-14,3.25
2147,2011-11-11,3.25
2148,2011-11-10,3.26
2149,2011-11-09,3.28
2150,2011-11-08,3.27
2151,2011-11-07,3.26
2152,2011-11-04,3.25
2153,2011-11-03,3.25
2154,2011-11-02,3.25
2155,2011-11-01,3.25
2156,2011-10-31,3.26
2157,2011-10-28,3.23
2158,2011-10-27,3.23
2159,2011-10-26,3.23
2160,2011-10-25,3.24
2161,2011-10-24,3.24
2162,2011-10-21,3.23
2163,2011-10-20,3.25
2164,2011-10-19,3.26
2165,2011-10-18,3.27
2166,2011-10-17,3.22
2167,2011-10-14,3.24
2168,2011-10-13,3.24
2169,2011-10-12,3.24
2170,2011-10-11,3.24
2171,2011-10-10,3.25
2172,2011-10-07,3.25
2173,2011-10-06,3.25
2174,2011-10-05,3.23
2175,2011-10-04,3.25
2176,2011-09-30,3.28
2177,2011-09-29,3.26
2178,2011-09-28,3.26
2179,2011-09-27,3.24
2180,2011-09-26,3.24
2181,2011-09-23,3.23
2182,2011-09-22,3.25
2183,2011-09-21,3.28
2184,2011-09-20,3.27
2185,2011-09-19,3.24
2186,2011-09-16,3.25
2187,2011-09-15,3.26
2188,2011-09-14,3.26
2189,2011-09-09,3.25
2190,2011-09-08,3.27
2191,2011-09-07,3.23
2192,2011-09-06,3.25
2193,2011-09-05,3.26
2194,2011-09-02,3.26
2195,2011-09-01,3.26
2196,2011-08-31,3.27
2197,2011-08-30,3.26
2198,2011-08-29,3.26
2199,2011-08-26,3.26
2200,2011-08-25,3.26
2201,2011-08-24,3.26
2202,2011-08-23,3.25
2203,2011-08-22,3.20
2204,2011-08-19,3.23
2205,2011-08-18,3.22
2206,2011-08-17,3.20
2207,2011-08-16,3.22
2208,2011-08-12,3.24
2209,2011-08-11,3.25
2210,2011-08-10,3.29
2211,2011-08-09,3.31
2212,2011-08-08,3.25
2213,2011-08-05,3.26
2214,2011-08-04,3.25
2215,2011-08-03,3.25
2216,2011-08-02,3.26
2217,2011-08-01,3.26
2218,2011-07-29,3.27
2219,2011-07-28,3.26
2220,2011-07-27,3.26
2221,2011-07-26,3.26
2222,2011-07-25,3.26
2223,2011-07-22,3.26
2224,2011-07-21,3.26
2225,2011-07-20,3.27
2226,2011-07-19,3.26
2227,2011-07-18,3.26
2228,2011-07-15,3.26
2229,2011-07-14,3.27
2230,2011-07-13,3.26
2231,2011-07-12,3.26
2232,2011-07-11,3.26
2233,2011-07-08,3.26
2234,2011-07-07,3.26
2235,2011-07-06,3.27
2236,2011-07-05,3.30
2237,2011-07-04,3.26
2238,2011-07-01,3.26
2239,2011-06-30,3.28
2240,2011-06-29,3.26
2241,2011-06-28,3.26
2242,2011-06-27,3.26
2243,2011-06-24,3.26
2244,2011-06-23,3.26
2245,2011-06-22,3.29
2246,2011-06-21,3.29
2247,2011-06-20,3.26
2248,2011-06-17,3.26
2249,2011-06-16,3.26
2250,2011-06-15,3.26
2251,2011-06-14,3.27
2252,2011-06-13,3.26
2253,2011-06-10,3.26
2254,2011-06-09,3.02
2255,2011-06-08,3.01
2256,2011-06-07,3.04
2257,2011-06-03,3.00
2258,2011-06-02,3.02
2259,2011-06-01,3.02
2260,2011-05-31,3.03
2261,2011-05-30,3.03
2262,2011-05-27,3.03
2263,2011-05-26,3.02
2264,2011-05-25,3.05
2265,2011-05-24,3.06
2266,2011-05-23,3.02
2267,2011-05-20,3.02
2268,2011-05-19,3.02
2269,2011-05-18,3.03
2270,2011-05-17,3.03
2271,2011-05-16,3.03
2272,2011-05-13,3.02
2273,2011-05-12,3.02
2274,2011-05-11,3.03
2275,2011-05-09,3.05
2276,2011-05-06,3.01
2277,2011-05-04,3.01
2278,2011-05-03,3.01
2279,2011-05-02,3.01
2280,2011-04-29,3.02
2281,2011-04-28,3.01
2282,2011-04-27,3.01
2283,2011-04-26,3.02
2284,2011-04-25,3.02
2285,2011-04-22,3.02
2286,2011-04-21,3.02
2287,2011-04-20,3.04
2288,2011-04-19,3.03
2289,2011-04-18,3.00
2290,2011-04-15,3.01
2291,2011-04-14,3.01
2292,2011-04-13,3.01
2293,2011-04-12,3.00
2294,2011-04-11,3.01
2295,2011-04-08,3.01
2296,2011-04-07,3.01
2297,2011-04-06,3.04
2298,2011-04-05,3.03
2299,2011-04-04,2.99
2300,2011-04-01,2.98
2301,2011-03-31,2.98
2302,2011-03-30,2.98
2303,2011-03-29,2.98
2304,2011-03-28,2.99
2305,2011-03-25,2.99
2306,2011-03-24,3.00
2307,2011-03-23,3.02
2308,2011-03-22,3.01
2309,2011-03-21,2.99
2310,2011-03-18,2.99
2311,2011-03-17,2.99
2312,2011-03-16,3.00
2313,2011-03-15,2.99
2314,2011-03-14,2.96
2315,2011-03-11,2.97
2316,2011-03-10,2.99
2317,2011-03-09,2.75
2318,2011-03-08,2.75
2319,2011-03-07,2.76
2320,2011-03-04,2.75
2321,2011-03-03,2.75
2322,2011-03-02,2.75
2323,2011-02-28,2.76
2324,2011-02-25,2.76
2325,2011-02-24,2.76
2326,2011-02-23,2.75
2327,2011-02-22,2.75
2328,2011-02-21,2.75
2329,2011-02-18,2.75
2330,2011-02-17,2.75
2331,2011-02-16,2.75
2332,2011-02-15,2.74
2333,2011-02-14,2.75
2334,2011-02-11,2.75
2335,2011-02-10,2.75
2336,2011-02-09,2.77
2337,2011-02-08,2.78
2338,2011-02-07,2.75
2339,2011-02-01,2.75
2340,2011-01-31,2.75
2341,2011-01-28,2.74
2342,2011-01-27,2.74
2343,2011-01-26,2.74
2344,2011-01-25,2.75
2345,2011-01-24,2.75
2346,2011-01-21,2.75
2347,2011-01-20,2.75
2348,2011-01-19,2.77
2349,2011-01-18,2.76
2350,2011-01-17,2.74
2351,2011-01-14,2.74
2352,2011-01-13,2.74
2353,2011-01-12,2.50
2354,2011-01-11,2.50
2355,2011-01-10,2.49
2356,2011-01-07,2.49
2357,2011-01-06,2.49
2358,2011-01-05,2.49
2359,2011-01-04,2.50
2360,2011-01-03,2.49
2361,2010-12-31,2.51
2362,2010-12-30,2.49
2363,2010-12-29,2.49
2364,2010-12-28,2.49
2365,2010-12-27,2.50
2366,2010-12-24,2.50
2367,2010-12-23,2.50
2368,2010-12-22,2.53
2369,2010-12-21,2.52
2370,2010-12-20,2.50
2371,2010-12-17,2.49
2372,2010-12-16,2.50
2373,2010-12-15,2.49
2374,2010-12-14,2.49
2375,2010-12-13,2.50
2376,2010-12-10,2.50
2377,2010-12-09,2.51
2378,2010-12-08,2.52
2379,2010-12-07,2.52
2380,2010-12-06,2.50
2381,2010-12-03,2.50
2382,2010-12-02,2.50
2383,2010-12-01,2.50
2384,2010-11-30,2.51
2385,2010-11-29,2.50
2386,2010-11-26,2.50
2387,2010-11-25,2.50
2388,2010-11-24,2.54
2389,2010-11-23,2.52
2390,2010-11-22,2.51
2391,2010-11-19,2.50
2392,2010-11-18,2.50
2393,2010-11-17,2.50
2394,2010-11-16,2.49
2395,2010-11-15,2.24
2396,2010-11-12,2.24
2397,2010-11-11,2.24
2398,2010-11-10,2.26
2399,2010-11-09,2.27
2400,2010-11-08,2.24
2401,2010-11-05,2.24
2402,2010-11-04,2.24
2403,2010-11-03,2.24
2404,2010-11-02,2.23
2405,2010-11-01,2.24
2406,2010-10-29,2.26
2407,2010-10-28,2.24
2408,2010-10-27,2.24
2409,2010-10-26,2.24
2410,2010-10-25,2.25
2411,2010-10-22,2.28
2412,2010-10-21,2.28
2413,2010-10-20,2.29
2414,2010-10-19,2.28
2415,2010-10-18,2.26
2416,2010-10-15,2.27
2417,2010-10-14,2.28
2418,2010-10-13,2.27
2419,2010-10-12,2.27
2420,2010-10-11,2.27
2421,2010-10-08,2.27
2422,2010-10-07,2.28
2423,2010-10-06,2.20
2424,2010-10-05,2.18
2425,2010-10-04,2.24
2426,2010-10-01,2.27
2427,2010-09-30,2.27
2428,2010-09-29,2.26
2429,2010-09-28,2.27
2430,2010-09-27,2.27
2431,2010-09-24,2.28
2432,2010-09-20,2.28
2433,2010-09-17,2.28
2434,2010-09-16,2.28
2435,2010-09-15,2.28
2436,2010-09-14,2.27
2437,2010-09-13,2.27
2438,2010-09-10,2.27
2439,2010-09-09,2.27
2440,2010-09-08,2.27
2441,2010-09-07,2.26
2442,2010-09-06,2.26
2443,2010-09-03,2.27
2444,2010-09-02,2.27
2445,2010-09-01,2.27
2446,2010-08-31,2.28
2447,2010-08-30,2.27
2448,2010-08-27,2.28
2449,2010-08-26,2.28
2450,2010-08-25,2.30
2451,2010-08-24,2.30
2452,2010-08-23,2.26
2453,2010-08-20,2.28
2454,2010-08-19,2.28
2455,2010-08-18,2.27
2456,2010-08-17,2.27
2457,2010-08-16,2.27
2458,2010-08-13,2.27
2459,2010-08-12,2.27
2460,2010-08-11,2.29
2461,2010-08-10,2.28
2462,2010-08-09,2.28
2463,2010-08-06,2.27
2464,2010-08-05,2.28
2465,2010-08-04,2.27
2466,2010-08-03,2.27
2467,2010-08-02,2.28
2468,2010-07-30,2.28
2469,2010-07-29,2.28
2470,2010-07-28,2.27
2471,2010-07-27,2.27
2472,2010-07-26,2.27
2473,2010-07-23,2.27
2474,2010-07-22,2.27
2475,2010-07-21,2.27
2476,2010-07-20,2.27
2477,2010-07-19,2.26
2478,2010-07-16,2.25
2479,2010-07-15,2.27
2480,2010-07-14,2.26
2481,2010-07-13,2.26
2482,2010-07-12,2.27
2483,2010-07-09,2.26
2484,2010-07-08,2.02
2485,2010-07-07,2.04
2486,2010-07-06,2.05
2487,2010-07-05,2.01
2488,2010-07-02,1.99
2489,2010-07-01,1.99
2490,2010-06-30,2.03
2491,2010-06-29,1.95
2492,2010-06-28,1.99
2493,2010-06-25,2.02
2494,2010-06-24,2.02
2495,2010-06-23,1.97
2496,2010-06-22,2.01
2497,2010-06-21,2.01
2498,2010-06-18,2.00
2499,2010-06-17,2.01
2500,2010-06-16,2.01
2501,2010-06-15,2.02
2502,2010-06-14,2.02
2503,2010-06-11,2.02
2504,2010-06-10,2.02
2505,2010-06-09,1.97
2506,2010-06-08,1.95
2507,2010-06-07,1.99
2508,2010-06-04,1.98
2509,2010-06-03,1.99
2510,2010-06-01,1.99
2511,2010-05-31,2.00
2512,2010-05-28,1.98
2513,2010-05-27,1.98
2514,2010-05-26,1.99
2515,2010-05-25,2.02
2516,2010-05-24,2.02
2517,2010-05-20,2.02
2518,2010-05-19,2.01
2519,2010-05-18,2.01
2520,2010-05-17,2.02
2521,2010-05-14,2.01
2522,2010-05-13,2.01
2523,2010-05-12,2.01
2524,2010-05-11,2.01
2525,2010-05-10,2.01
2526,2010-05-07,2.01
2527,2010-05-06,2.02
2528,2010-05-04,2.05
2529,2010-05-03,2.00
2530,2010-04-30,2.00
2531,2010-04-29,2.00
2532,2010-04-28,2.01
2533,2010-04-27,2.01
2534,2010-04-26,2.01
2535,2010-04-23,2.00
2536,2010-04-22,2.00
2537,2010-04-21,2.01
2538,2010-04-20,2.00
2539,2010-04-19,2.00
2540,2010-04-16,1.99
2541,2010-04-15,2.00
2542,2010-04-14,2.00
2543,2010-04-13,2.01
2544,2010-04-12,2.01
2545,2010-04-09,2.00
2546,2010-04-08,2.02
2547,2010-04-07,2.02
2548,2010-04-06,2.02
2549,2010-04-05,2.00
2550,2010-04-02,2.00
2551,2010-04-01,1.99
2552,2010-03-31,2.00
2553,2010-03-30,1.99
2554,2010-03-29,2.00
2555,2010-03-26,2.00
2556,2010-03-25,2.01
2557,2010-03-24,2.00
2558,2010-03-23,2.00
2559,2010-03-22,2.01
2560,2010-03-19,2.01
2561,2010-03-18,2.01
2562,2010-03-17,2.00
2563,2010-03-16,2.01
2564,2010-03-15,2.01
2565,2010-03-12,2.02
2566,2010-03-11,2.02
2567,2010-03-10,1.99
2568,2010-03-09,2.02
2569,2010-03-08,2.02
2570,2010-03-05,2.01
2571,2010-03-04,2.02
2572,2010-03-03,2.01
2573,2010-03-02,2.02
2574,2010-02-26,2.02
2575,2010-02-25,2.02
2576,2010-02-24,1.90
2577,2010-02-23,1.92
2578,2010-02-22,1.98
2579,2010-02-19,2.01
2580,2010-02-18,2.02
2581,2010-02-17,2.02
2582,2010-02-16,2.02
2583,2010-02-12,2.02
2584,2010-02-11,2.02
2585,2010-02-10,1.97
2586,2010-02-09,1.99
2587,2010-02-08,2.00
2588,2010-02-05,2.00
2589,2010-02-04,2.00
2590,2010-02-03,2.00
2591,2010-02-02,2.00
2592,2010-02-01,2.01
2593,2010-01-29,2.01
2594,2010-01-28,2.01
2595,2010-01-27,2.01
2596,2010-01-26,2.01
2597,2010-01-25,2.01
2598,2010-01-22,2.00
2599,2010-01-21,2.01
2600,2010-01-20,1.97
2601,2010-01-19,1.99
2602,2010-01-18,1.99
2603,2010-01-15,2.00
2604,2010-01-14,2.00
2605,2010-01-13,2.00
2606,2010-01-12,2.00
2607,2010-01-11,2.00
2608,2010-01-08,2.00
2609,2010-01-07,2.00
2610,2010-01-06,1.96
2611,2010-01-05,1.98
2612,2010-01-04,1.99
2613,2009-12-31,2.01
2614,2009-12-30,2.00
2615,2009-12-29,2.00
2616,2009-12-28,2.00
2617,2009-12-24,1.98
2618,2009-12-23,1.99
2619,2009-12-22,1.99
2620,2009-12-21,2.00
2621,2009-12-18,2.00
2622,2009-12-17,2.00
2623,2009-12-16,2.00
2624,2009-12-15,2.00
2625,2009-12-14,2.00
2626,2009-12-11,2.00
2627,2009-12-10,2.01
2628,2009-12-09,1.97
2629,2009-12-08,1.97
2630,2009-12-07,1.99
2631,2009-12-04,2.00
2632,2009-12-03,2.00
2633,2009-12-02,2.00
2634,2009-12-01,2.00
2635,2009-11-30,2.01
2636,2009-11-27,2.00
2637,2009-11-26,2.01
2638,2009-11-25,1.99
2639,2009-11-24,2.00
2640,2009-11-23,2.03
2641,2009-11-20,2.01
2642,2009-11-19,1.95
2643,2009-11-18,1.96
2644,2009-11-17,1.99
2645,2009-11-16,2.01
2646,2009-11-13,2.00
2647,2009-11-12,2.01
2648,2009-11-11,1.98
2649,2009-11-10,2.07
2650,2009-11-09,2.00
2651,2009-11-06,2.00
2652,2009-11-05,2.00
2653,2009-11-04,1.99
2654,2009-11-03,1.99
2655,2009-11-02,2.00
2656,2009-10-30,2.01
2657,2009-10-29,2.01
2658,2009-10-28,2.00
2659,2009-10-27,2.00
2660,2009-10-26,2.00
2661,2009-10-23,2.00
2662,2009-10-22,2.00
2663,2009-10-21,2.02
2664,2009-10-20,1.99
2665,2009-10-19,1.98
2666,2009-10-16,1.98
2667,2009-10-15,1.99
2668,2009-10-14,1.99
2669,2009-10-13,1.99
2670,2009-10-12,1.99
2671,2009-10-09,1.99
2672,2009-10-08,1.99
2673,2009-10-07,1.99
2674,2009-10-06,2.00
2675,2009-10-05,1.99
2676,2009-10-01,2.00
2677,2009-09-30,2.00
2678,2009-09-29,2.01
2679,2009-09-28,2.00
2680,2009-09-25,2.00
2681,2009-09-24,2.00
2682,2009-09-23,1.79
2683,2009-09-22,1.80
2684,2009-09-21,1.97
2685,2009-09-18,2.00
2686,2009-09-17,2.00
2687,2009-09-16,1.99
2688,2009-09-15,1.99
2689,2009-09-14,2.00
2690,2009-09-11,1.99
2691,2009-09-10,1.99
2692,2009-09-09,1.98
2693,2009-09-08,1.91
2694,2009-09-07,1.97
2695,2009-09-04,1.97
2696,2009-09-03,1.97
2697,2009-09-02,1.98
2698,2009-09-01,1.98
2699,2009-08-31,1.99
2700,2009-08-28,1.97
2701,2009-08-27,1.97
2702,2009-08-26,1.98
2703,2009-08-25,1.98
2704,2009-08-24,1.98
2705,2009-08-21,1.98
2706,2009-08-20,1.99
2707,2009-08-19,1.97
2708,2009-08-18,1.97
2709,2009-08-17,1.98
2710,2009-08-14,1.97
2711,2009-08-13,1.98
2712,2009-08-12,1.98
2713,2009-08-11,1.99
2714,2009-08-10,1.99
2715,2009-08-07,1.99
2716,2009-08-06,1.98
2717,2009-08-05,1.97
2718,2009-08-04,1.97
2719,2009-08-03,1.94
2720,2009-07-31,1.95
2721,2009-07-30,1.93
2722,2009-07-29,1.93
2723,2009-07-28,1.93
2724,2009-07-27,1.93
2725,2009-07-24,1.93
2726,2009-07-23,1.93
2727,2009-07-22,1.93
2728,2009-07-21,1.93
2729,2009-07-20,1.94
2730,2009-07-17,1.94
2731,2009-07-16,1.95
2732,2009-07-15,1.95
2733,2009-07-14,1.95
2734,2009-07-13,1.94
2735,2009-07-10,1.94
2736,2009-07-09,1.93
2737,2009-07-08,1.92
2738,2009-07-07,1.92
2739,2009-07-06,1.93
2740,2009-07-03,1.92
2741,2009-07-02,1.92
2742,2009-07-01,1.90
2743,2009-06-30,1.96
2744,2009-06-29,1.92
2745,2009-06-26,1.92
2746,2009-06-25,1.93
2747,2009-06-24,1.87
2748,2009-06-23,1.82
2749,2009-06-22,1.93
2750,2009-06-19,1.94
2751,2009-06-18,1.95
2752,2009-06-17,1.95
2753,2009-06-16,1.94
2754,2009-06-15,1.93
2755,2009-06-12,1.94
2756,2009-06-11,1.96
2757,2009-06-10,1.93
2758,2009-06-09,1.96
2759,2009-06-08,1.93
2760,2009-06-05,1.93
2761,2009-06-04,1.93
2762,2009-06-03,1.92
2763,2009-06-02,1.93
2764,2009-06-01,1.95
2765,2009-05-29,1.96
2766,2009-05-28,1.96
2767,2009-05-27,1.96
2768,2009-05-26,1.97
2769,2009-05-25,1.97
2770,2009-05-22,1.97
2771,2009-05-21,1.96
2772,2009-05-20,1.73
2773,2009-05-19,1.74
2774,2009-05-18,1.89
2775,2009-05-15,1.93
2776,2009-05-14,1.93
2777,2009-05-13,1.93
2778,2009-05-12,1.93
2779,2009-05-11,1.93
2780,2009-05-08,1.92
2781,2009-05-07,1.83
2782,2009-05-06,1.72
2783,2009-05-04,1.77
2784,2009-04-30,1.85
2785,2009-04-29,1.84
2786,2009-04-28,1.85
2787,2009-04-27,1.88
2788,2009-04-24,1.84
2789,2009-04-23,1.89
2790,2009-04-22,1.57
2791,2009-04-21,1.57
2792,2009-04-20,1.86
2793,2009-04-17,1.83
2794,2009-04-16,1.83
2795,2009-04-15,1.76
2796,2009-04-14,1.79
2797,2009-04-13,1.80
2798,2009-04-10,1.82
2799,2009-04-09,1.86
2800,2009-04-08,1.58
2801,2009-04-07,1.57
2802,2009-04-06,1.65
2803,2009-04-03,1.66
2804,2009-04-02,1.65
2805,2009-04-01,1.72
2806,2009-03-31,1.73
2807,2009-03-30,1.76
2808,2009-03-27,1.76
2809,2009-03-26,1.89
2810,2009-03-25,1.56
2811,2009-03-24,1.63
2812,2009-03-23,1.74
2813,2009-03-20,1.81
2814,2009-03-19,1.79
2815,2009-03-18,1.87
2816,2009-03-17,1.94
2817,2009-03-16,1.82
2818,2009-03-13,1.82
2819,2009-03-12,1.78
2820,2009-03-11,1.64
2821,2009-03-10,1.63
2822,2009-03-09,1.71
2823,2009-03-06,1.76
2824,2009-03-05,1.75
2825,2009-03-04,1.76
2826,2009-03-03,1.75
2827,2009-03-02,1.75
2828,2009-02-27,1.87
2829,2009-02-26,1.88
2830,2009-02-25,1.58
2831,2009-02-24,1.55
2832,2009-02-23,1.76
2833,2009-02-20,1.82
2834,2009-02-19,1.79
2835,2009-02-18,1.75
2836,2009-02-17,1.76
2837,2009-02-16,1.69
2838,2009-02-13,1.92
2839,2009-02-12,2.02
2840,2009-02-11,2.06
2841,2009-02-10,2.07
2842,2009-02-09,2.20
2843,2009-02-06,2.39
2844,2009-02-05,2.39
2845,2009-02-04,2.38
2846,2009-02-03,2.38
2847,2009-02-02,2.38
2848,2009-01-30,2.41
2849,2009-01-29,2.45
2850,2009-01-28,2.48
2851,2009-01-23,2.44
2852,2009-01-22,2.51
2853,2009-01-21,2.10
2854,2009-01-20,2.00
2855,2009-01-19,1.99
2856,2009-01-16,2.02
2857,2009-01-15,2.04
2858,2009-01-14,2.22
2859,2009-01-13,2.26
2860,2009-01-12,2.42
2861,2009-01-09,2.49
2862,2009-01-08,2.98
2863,2009-01-07,2.58
2864,2009-01-06,2.59
2865,2009-01-05,2.75
2866,2009-01-02,2.87
2867,2008-12-31,3.02
2868,2008-12-30,2.94
2869,2008-12-29,2.97
2870,2008-12-26,2.99
2871,2008-12-24,2.66
2872,2008-12-23,2.57
2873,2008-12-22,2.70
2874,2008-12-19,2.82
2875,2008-12-18,2.81
2876,2008-12-17,2.81
2877,2008-12-16,2.78
2878,2008-12-15,2.83
2879,2008-12-12,2.90
2880,2008-12-11,3.16
2881,2008-12-10,3.61
2882,2008-12-09,3.61
2883,2008-12-08,4.71
2884,2008-12-05,3.85
2885,2008-12-04,3.91
2886,2008-12-03,3.98
2887,2008-12-02,3.98
2888,2008-12-01,3.97
2889,2008-11-28,3.99
2890,2008-11-27,3.98
2891,2008-11-26,3.98
2892,2008-11-25,3.98
2893,2008-11-24,3.99
2894,2008-11-21,3.98
2895,2008-11-20,3.99
2896,2008-11-19,3.95
2897,2008-11-18,3.95
2898,2008-11-17,3.93
2899,2008-11-14,3.98
2900,2008-11-13,3.98
2901,2008-11-12,3.98
2902,2008-11-11,3.98
2903,2008-11-10,3.98
2904,2008-11-07,3.97
2905,2008-11-06,4.22
2906,2008-11-05,4.04
2907,2008-11-04,4.02
2908,2008-11-03,4.10
2909,2008-10-31,4.14
2910,2008-10-30,4.21
2911,2008-10-29,4.24
2912,2008-10-28,4.24
2913,2008-10-27,4.28
2914,2008-10-24,4.98
2915,2008-10-23,4.98
2916,2008-10-22,4.89
2917,2008-10-21,4.89
2918,2008-10-20,4.97
2919,2008-10-17,4.99
2920,2008-10-16,4.99
2921,2008-10-15,4.99
2922,2008-10-14,4.99
2923,2008-10-13,4.98
2924,2008-10-10,4.98
2925,2008-10-09,4.98
2926,2008-10-08,5.12
2927,2008-10-07,5.06
2928,2008-10-06,5.23
2929,2008-10-02,5.22
2930,2008-10-01,5.22
2931,2008-09-30,5.22
2932,2008-09-29,5.22
2933,2008-09-26,5.23
2934,2008-09-25,5.23
2935,2008-09-24,4.86
2936,2008-09-23,4.80
2937,2008-09-22,4.95
2938,2008-09-19,5.07
2939,2008-09-18,5.12
2940,2008-09-17,5.24
2941,2008-09-16,5.23
2942,2008-09-12,5.25
2943,2008-09-11,5.25
2944,2008-09-10,5.22
2945,2008-09-09,5.28
2946,2008-09-08,5.25
2947,2008-09-05,5.24
2948,2008-09-04,5.25
2949,2008-09-03,5.25
2950,2008-09-02,5.24
2951,2008-09-01,5.25
2952,2008-08-29,5.25
2953,2008-08-28,5.24
2954,2008-08-27,5.24
2955,2008-08-26,5.24
2956,2008-08-25,5.24
2957,2008-08-22,5.25
2958,2008-08-21,5.25
2959,2008-08-20,5.23
2960,2008-08-19,5.23
2961,2008-08-18,5.24
2962,2008-08-14,5.25
2963,2008-08-13,5.25
2964,2008-08-12,5.25
2965,2008-08-11,5.24
2966,2008-08-08,5.24
2967,2008-08-07,5.25
2968,2008-08-06,5.02
2969,2008-08-05,5.02
2970,2008-08-04,5.02
2971,2008-08-01,5.02
2972,2008-07-31,5.03
2973,2008-07-30,5.00
2974,2008-07-29,5.01
2975,2008-07-28,5.01
2976,2008-07-25,5.00
2977,2008-07-24,5.00
2978,2008-07-23,4.56
2979,2008-07-22,4.57
2980,2008-07-21,4.58
2981,2008-07-18,5.01
2982,2008-07-17,5.01
2983,2008-07-16,5.00
2984,2008-07-15,5.01
2985,2008-07-14,5.00
2986,2008-07-11,5.01
2987,2008-07-10,5.01
2988,2008-07-09,5.02
2989,2008-07-08,5.01
2990,2008-07-07,5.01
2991,2008-07-04,5.03
2992,2008-07-03,4.99
2993,2008-07-02,4.99
2994,2008-07-01,4.99
2995,2008-06-30,5.01
2996,2008-06-27,5.00
2997,2008-06-26,5.01
2998,2008-06-25,4.55
2999,2008-06-24,4.55
3000,2008-06-23,4.62
3001,2008-06-20,5.01
3002,2008-06-19,5.00
3003,2008-06-18,5.00
3004,2008-06-17,5.00
3005,2008-06-16,5.01
3006,2008-06-13,4.99
3007,2008-06-12,4.99
3008,2008-06-11,4.57
3009,2008-06-10,4.57
3010,2008-06-09,4.81
3011,2008-06-05,5.00
3012,2008-06-04,5.00
3013,2008-06-03,5.00
3014,2008-06-02,5.00
3015,2008-05-30,5.04
3016,2008-05-29,5.03
3017,2008-05-28,5.03
3018,2008-05-27,5.01
3019,2008-05-26,5.00
3020,2008-05-23,5.00
3021,2008-05-22,5.00
3022,2008-05-21,4.62
3023,2008-05-20,4.63
3024,2008-05-19,4.93
3025,2008-05-16,4.95
3026,2008-05-15,4.90
3027,2008-05-14,4.87
3028,2008-05-13,4.93
3029,2008-05-09,5.00
3030,2008-05-08,5.01
3031,2008-05-07,5.18
3032,2008-05-06,5.19
3033,2008-05-02,4.96
3034,2008-04-30,4.95
3035,2008-04-29,4.94
3036,2008-04-28,4.89
3037,2008-04-25,4.96
3038,2008-04-24,5.00
3039,2008-04-23,4.98
3040,2008-04-22,4.98
3041,2008-04-21,4.97
3042,2008-04-18,5.00
3043,2008-04-17,5.00
3044,2008-04-16,5.00
3045,2008-04-15,5.00
3046,2008-04-14,5.00
3047,2008-04-11,5.00
3048,2008-04-10,4.98
3049,2008-04-08,5.03
3050,2008-04-07,5.04
3051,2008-04-04,5.10
3052,2008-04-03,5.01
3053,2008-04-02,5.00
3054,2008-04-01,4.97
3055,2008-03-31,4.98
3056,2008-03-28,4.96
3057,2008-03-27,4.94
3058,2008-03-26,4.94
3059,2008-03-25,4.97
3060,2008-03-24,4.97
3061,2008-03-21,4.98
3062,2008-03-20,4.98
3063,2008-03-19,4.95
3064,2008-03-18,4.99
3065,2008-03-17,4.96
3066,2008-03-14,4.98
3067,2008-03-13,4.98
3068,2008-03-12,4.98
3069,2008-03-11,4.99
3070,2008-03-10,4.99
3071,2008-03-07,5.00
3072,2008-03-06,5.00
3073,2008-03-05,4.93
3074,2008-03-04,4.95
3075,2008-03-03,4.94
3076,2008-02-29,4.94
3077,2008-02-28,4.96
3078,2008-02-27,4.94
3079,2008-02-26,4.95
3080,2008-02-25,4.98
3081,2008-02-22,5.00
3082,2008-02-21,5.02
3083,2008-02-20,4.94
3084,2008-02-19,4.95
3085,2008-02-18,4.98
3086,2008-02-15,5.00
3087,2008-02-14,5.00
3088,2008-02-13,5.00
3089,2008-02-12,5.00
3090,2008-02-11,5.00
3091,2008-02-05,4.94
3092,2008-02-04,4.96
3093,2008-02-01,4.91
3094,2008-01-31,4.96
3095,2008-01-30,4.98
3096,2008-01-29,5.00
3097,2008-01-28,5.01
3098,2008-01-25,5.01
3099,2008-01-24,5.01
3100,2008-01-23,5.01
3101,2008-01-22,4.90
3102,2008-01-21,4.93
3103,2008-01-18,4.97
3104,2008-01-17,5.02
3105,2008-01-16,5.02
3106,2008-01-15,5.01
3107,2008-01-14,5.01
3108,2008-01-11,5.00
3109,2008-01-10,5.01
3110,2008-01-09,4.99
3111,2008-01-08,4.98
3112,2008-01-07,4.95
3113,2008-01-04,4.99
3114,2008-01-03,4.98
3115,2008-01-02,4.96
3116,2007-12-31,5.02
3117,2007-12-27,5.00
3118,2007-12-26,5.00
3119,2007-12-24,5.00
3120,2007-12-21,4.99
3121,2007-12-20,5.00
3122,2007-12-18,5.00
3123,2007-12-17,5.00
3124,2007-12-14,4.99
3125,2007-12-13,4.99
3126,2007-12-12,5.00
3127,2007-12-11,4.99
3128,2007-12-10,4.99
3129,2007-12-07,4.79
3130,2007-12-06,4.86
3131,2007-12-05,4.96
3132,2007-12-04,5.00
3133,2007-12-03,5.00
3134,2007-11-30,5.02
3135,2007-11-29,5.01
3136,2007-11-28,5.01
3137,2007-11-27,5.00
3138,2007-11-26,5.01
3139,2007-11-23,5.00
3140,2007-11-22,4.98
3141,2007-11-21,4.99
3142,2007-11-20,4.98
3143,2007-11-19,5.01
3144,2007-11-16,5.01
3145,2007-11-15,5.01
3146,2007-11-14,5.01
3147,2007-11-13,5.01
3148,2007-11-12,5.02
3149,2007-11-09,5.01
3150,2007-11-08,5.01
3151,2007-11-07,5.01
3152,2007-11-06,5.04
3153,2007-11-05,4.98
3154,2007-11-02,4.98
3155,2007-11-01,5.00
3156,2007-10-31,5.02
3157,2007-10-30,5.02
3158,2007-10-29,5.01
3159,2007-10-26,5.02
3160,2007-10-25,5.02
3161,2007-10-24,5.02
3162,2007-10-23,5.00
3163,2007-10-22,4.99
3164,2007-10-19,5.01
3165,2007-10-18,5.00
3166,2007-10-17,5.00
3167,2007-10-16,5.01
3168,2007-10-15,5.02
3169,2007-10-12,5.01
3170,2007-10-11,5.00
3171,2007-10-10,4.99
3172,2007-10-09,4.98
3173,2007-10-08,4.98
3174,2007-10-05,5.00
3175,2007-10-04,5.01
3176,2007-10-02,4.98
3177,2007-10-01,4.99
3178,2007-09-28,4.98
3179,2007-09-27,4.98
3180,2007-09-21,4.90
3181,2007-09-20,4.91
3182,2007-09-19,4.97
3183,2007-09-18,4.99
3184,2007-09-17,4.99
3185,2007-09-14,4.99
3186,2007-09-13,4.99
3187,2007-09-12,4.98
3188,2007-09-11,4.98
3189,2007-09-10,4.97
3190,2007-09-07,4.90
3191,2007-09-06,4.93
3192,2007-09-05,4.97
3193,2007-09-04,4.98
3194,2007-09-03,5.00
3195,2007-08-31,4.98
3196,2007-08-30,4.97
3197,2007-08-29,4.97
3198,2007-08-28,4.98
3199,2007-08-27,4.98
3200,2007-08-24,4.98
3201,2007-08-23,4.98
3202,2007-08-22,4.97
3203,2007-08-21,4.98
3204,2007-08-20,4.98
3205,2007-08-17,4.98
3206,2007-08-16,4.98
3207,2007-08-14,4.99
3208,2007-08-13,5.00
3209,2007-08-10,5.02
3210,2007-08-09,5.01
3211,2007-08-08,4.70
3212,2007-08-07,4.68
3213,2007-08-06,4.67
3214,2007-08-03,4.69
3215,2007-08-02,4.65
3216,2007-08-01,4.58
3217,2007-07-31,4.76
3218,2007-07-30,4.76
3219,2007-07-27,4.77
3220,2007-07-26,4.78
3221,2007-07-25,4.78
3222,2007-07-24,4.78
3223,2007-07-23,4.78
3224,2007-07-20,4.87
3225,2007-07-19,4.85
3226,2007-07-18,4.77
3227,2007-07-16,4.73
3228,2007-07-13,4.71
3229,2007-07-12,4.72
3230,2007-07-11,4.48
3231,2007-07-10,4.47
3232,2007-07-09,4.47
3233,2007-07-06,4.37
3234,2007-07-05,4.42
3235,2007-07-04,4.48
3236,2007-07-03,4.50
3237,2007-07-02,4.50
3238,2007-06-29,4.52
3239,2007-06-28,4.51
3240,2007-06-27,4.51
3241,2007-06-26,4.51
3242,2007-06-25,4.52
3243,2007-06-22,4.47
3244,2007-06-21,4.54
3245,2007-06-20,4.56
3246,2007-06-19,4.59
3247,2007-06-18,4.59
3248,2007-06-15,4.59
3249,2007-06-14,4.59
3250,2007-06-13,4.58
3251,2007-06-12,4.54
3252,2007-06-11,4.54
3253,2007-06-08,4.52
3254,2007-06-07,4.44
3255,2007-06-05,4.49
3256,2007-06-04,4.51
3257,2007-06-01,4.52
3258,2007-05-31,4.55
3259,2007-05-30,4.56
3260,2007-05-29,4.55
3261,2007-05-28,4.54
3262,2007-05-25,4.58
3263,2007-05-23,4.58
3264,2007-05-22,4.52
3265,2007-05-21,4.59
3266,2007-05-18,4.57
3267,2007-05-17,4.61
3268,2007-05-16,4.61
3269,2007-05-15,4.61
3270,2007-05-14,4.62
3271,2007-05-11,4.61
3272,2007-05-10,4.63
3273,2007-05-09,4.63
3274,2007-05-08,4.63
3275,2007-05-07,4.72
3276,2007-05-04,4.69
3277,2007-05-03,4.74
3278,2007-05-02,4.77
3279,2007-04-30,4.88
3280,2007-04-27,5.09
3281,2007-04-26,5.04
3282,2007-04-25,4.74
3283,2007-04-24,4.67
3284,2007-04-23,4.64
3285,2007-04-20,4.71
3286,2007-04-19,4.60
3287,2007-04-18,4.63
3288,2007-04-17,4.63
3289,2007-04-16,4.63
3290,2007-04-13,4.63
3291,2007-04-12,4.62
3292,2007-04-11,4.61
3293,2007-04-10,4.61
3294,2007-04-09,4.61
3295,2007-04-06,4.35
3296,2007-04-05,4.40
3297,2007-04-04,4.60
3298,2007-04-03,4.62
3299,2007-04-02,4.63
3300,2007-03-30,4.63
3301,2007-03-29,4.61
3302,2007-03-28,4.58
3303,2007-03-27,4.61
3304,2007-03-26,4.61
3305,2007-03-23,4.59
3306,2007-03-22,4.45
3307,2007-03-21,4.50
3308,2007-03-20,4.61
3309,2007-03-19,4.64
3310,2007-03-16,4.64
3311,2007-03-15,4.64
3312,2007-03-14,4.64
3313,2007-03-13,4.61
3314,2007-03-12,4.61
3315,2007-03-09,4.59
3316,2007-03-08,4.55
3317,2007-03-07,4.57
3318,2007-03-06,4.55
3319,2007-03-05,4.59
3320,2007-03-02,4.54
3321,2007-02-28,4.55
3322,2007-02-27,4.50
3323,2007-02-26,4.50
3324,2007-02-23,4.56
3325,2007-02-22,4.57
3326,2007-02-21,4.57
3327,2007-02-20,4.76
3328,2007-02-16,4.85
3329,2007-02-15,4.70
3330,2007-02-14,4.68
3331,2007-02-13,4.61
3332,2007-02-12,4.56
3333,2007-02-09,4.55
3334,2007-02-08,4.55
3335,2007-02-07,4.49
3336,2007-02-06,4.46
3337,2007-02-05,4.54
3338,2007-02-02,4.60
3339,2007-02-01,4.60
3340,2007-01-31,4.61
3341,2007-01-30,4.61
3342,2007-01-29,4.70
3343,2007-01-26,4.70
3344,2007-01-25,4.62
3345,2007-01-24,4.61
3346,2007-01-23,4.60
3347,2007-01-22,4.61
3348,2007-01-19,4.58
3349,2007-01-18,4.71
3350,2007-01-17,4.67
3351,2007-01-16,4.64
3352,2007-01-15,4.64
3353,2007-01-12,4.64
3354,2007-01-11,4.63
3355,2007-01-10,4.67
3356,2007-01-09,4.62
3357,2007-01-08,4.61
3358,2007-01-05,4.66
3359,2007-01-04,4.67
3360,2007-01-03,4.56
3361,2007-01-02,4.54
3362,2006-12-29,4.60
3363,2006-12-28,4.58
3364,2006-12-27,4.55
3365,2006-12-26,4.56
3366,2006-12-22,4.53
3367,2006-12-21,4.49
3368,2006-12-20,4.50
3369,2006-12-19,4.49
3370,2006-12-18,4.48
3371,2006-12-15,4.48
3372,2006-12-14,4.47
3373,2006-12-13,4.47
3374,2006-12-12,4.45
3375,2006-12-11,4.45
3376,2006-12-08,4.46
3377,2006-12-07,4.36
3378,2006-12-06,4.49
3379,2006-12-05,4.46
3380,2006-12-04,4.47
3381,2006-12-01,4.47
3382,2006-11-30,4.49
3383,2006-11-29,4.47
3384,2006-11-28,4.47
3385,2006-11-27,4.46
3386,2006-11-24,4.47
3387,2006-11-23,4.47
3388,2006-11-22,4.49
3389,2006-11-21,4.49
3390,2006-11-20,4.47
3391,2006-11-17,4.47
3392,2006-11-16,4.48
3393,2006-11-15,4.48
3394,2006-11-14,4.47
3395,2006-11-13,4.47
3396,2006-11-10,4.47
3397,2006-11-09,4.48
3398,2006-11-08,4.48
3399,2006-11-07,4.49
3400,2006-11-06,4.44
3401,2006-11-03,4.47
3402,2006-11-02,4.47
3403,2006-11-01,4.47
3404,2006-10-31,4.48
3405,2006-10-30,4.48
3406,2006-10-27,4.47
3407,2006-10-26,4.48
3408,2006-10-25,4.48
3409,2006-10-24,4.48
3410,2006-10-23,4.48
3411,2006-10-20,4.48
3412,2006-10-19,4.49
3413,2006-10-18,4.48
3414,2006-10-17,4.48
3415,2006-10-16,4.48
3416,2006-10-13,4.48
3417,2006-10-12,4.48
3418,2006-10-11,4.47
3419,2006-10-10,4.48
3420,2006-10-09,4.48
3421,2006-10-04,4.45
3422,2006-10-02,4.44
3423,2006-09-29,4.48
3424,2006-09-28,4.47
3425,2006-09-27,4.47
3426,2006-09-26,4.47
3427,2006-09-25,4.48
3428,2006-09-22,4.49
3429,2006-09-21,4.48
3430,2006-09-20,4.47
3431,2006-09-19,4.47
3432,2006-09-18,4.47
3433,2006-09-15,4.47
3434,2006-09-14,4.47
3435,2006-09-13,4.47
3436,2006-09-12,4.47
3437,2006-09-11,4.47
3438,2006-09-08,4.48
3439,2006-09-07,4.47
3440,2006-09-06,4.43
3441,2006-09-05,4.47
3442,2006-09-04,4.47
3443,2006-09-01,4.48
3444,2006-08-31,4.49
3445,2006-08-30,4.48
3446,2006-08-29,4.48
3447,2006-08-28,4.48
3448,2006-08-25,4.49
3449,2006-08-24,4.49
3450,2006-08-23,4.49
3451,2006-08-22,4.47
3452,2006-08-21,4.48
3453,2006-08-18,4.48
3454,2006-08-17,4.49
3455,2006-08-16,4.49
3456,2006-08-14,4.49
3457,2006-08-11,4.50
3458,2006-08-10,4.49
3459,2006-08-09,4.24
3460,2006-08-08,4.25
3461,2006-08-07,4.25
3462,2006-08-04,4.29
3463,2006-08-03,4.23
3464,2006-08-02,4.22
3465,2006-08-01,4.21
3466,2006-07-31,4.22
3467,2006-07-28,4.22
3468,2006-07-27,4.22
3469,2006-07-26,4.23
3470,2006-07-25,4.23
3471,2006-07-24,4.23
3472,2006-07-21,4.30
3473,2006-07-20,4.19
3474,2006-07-19,4.21
3475,2006-07-18,4.21
3476,2006-07-14,4.21
3477,2006-07-13,4.20
3478,2006-07-12,4.20
3479,2006-07-11,4.20
3480,2006-07-10,4.20
3481,2006-07-07,4.22
3482,2006-07-06,4.19
3483,2006-07-05,4.20
3484,2006-07-04,4.20
3485,2006-07-03,4.20
3486,2006-06-30,4.21
3487,2006-06-29,4.20
3488,2006-06-28,4.19
3489,2006-06-27,4.20
3490,2006-06-26,4.20
3491,2006-06-23,4.20
3492,2006-06-22,4.22
3493,2006-06-21,4.19
3494,2006-06-20,4.19
3495,2006-06-19,4.19
3496,2006-06-16,4.19
3497,2006-06-15,4.21
3498,2006-06-14,4.20
3499,2006-06-13,4.20
3500,2006-06-12,4.20
3501,2006-06-09,4.20
3502,2006-06-08,4.20
3503,2006-06-07,3.99
3504,2006-06-05,3.94
3505,2006-06-02,3.95
3506,2006-06-01,3.96
3507,2006-05-30,3.96
3508,2006-05-29,3.96
3509,2006-05-26,3.95
3510,2006-05-25,3.96
3511,2006-05-24,3.96
3512,2006-05-23,3.96
3513,2006-05-22,3.97
3514,2006-05-19,3.94
3515,2006-05-18,3.96
3516,2006-05-17,3.96
3517,2006-05-16,3.96
3518,2006-05-15,3.96
3519,2006-05-12,3.96
3520,2006-05-11,3.97
3521,2006-05-10,3.97
3522,2006-05-09,3.96
3523,2006-05-08,3.96
3524,2006-05-04,3.94
3525,2006-05-03,3.97
3526,2006-05-02,3.97
3527,2006-04-28,3.97
3528,2006-04-27,3.97
3529,2006-04-26,3.97
3530,2006-04-25,3.97
3531,2006-04-24,3.97
3532,2006-04-21,4.00
3533,2006-04-20,3.97
3534,2006-04-19,3.99
3535,2006-04-18,3.96
3536,2006-04-17,3.96
3537,2006-04-14,3.96
3538,2006-04-13,3.96
3539,2006-04-12,3.97
3540,2006-04-11,3.97
3541,2006-04-10,3.97
3542,2006-04-07,3.92
3543,2006-04-06,3.93
3544,2006-04-05,3.96
3545,2006-04-04,3.96
3546,2006-04-03,3.97
3547,2006-03-31,3.97
3548,2006-03-30,3.96
3549,2006-03-29,3.96
3550,2006-03-28,3.97
3551,2006-03-27,3.98
3552,2006-03-24,3.97
3553,2006-03-23,3.97
3554,2006-03-22,3.92
3555,2006-03-21,3.95
3556,2006-03-20,3.98
3557,2006-03-17,3.97
3558,2006-03-16,3.98
3559,2006-03-15,3.98
3560,2006-03-14,3.98
3561,2006-03-13,3.98
3562,2006-03-10,3.98
3563,2006-03-09,3.98
3564,2006-03-08,3.98
3565,2006-03-07,3.94
3566,2006-03-06,3.95
3567,2006-03-03,3.98
3568,2006-03-02,3.99
3569,2006-02-28,3.99
3570,2006-02-27,3.99
3571,2006-02-24,3.99
3572,2006-02-23,3.99
3573,2006-02-22,3.97
3574,2006-02-21,3.95
3575,2006-02-20,3.98
3576,2006-02-17,3.98
3577,2006-02-16,3.99
3578,2006-02-15,3.99
3579,2006-02-14,3.99
3580,2006-02-13,3.99
3581,2006-02-10,3.99
3582,2006-02-09,3.99
3583,2006-02-08,3.74
3584,2006-02-07,3.68
3585,2006-02-06,3.69
3586,2006-02-03,3.73
3587,2006-02-02,3.74
3588,2006-02-01,3.75
3589,2006-01-31,3.76
3590,2006-01-27,3.75
3591,2006-01-26,3.76
3592,2006-01-25,3.75
3593,2006-01-24,3.74
3594,2006-01-23,3.74
3595,2006-01-20,3.72
3596,2006-01-19,3.70
3597,2006-01-18,3.74
3598,2006-01-17,3.74
3599,2006-01-16,3.74
3600,2006-01-13,3.73
3601,2006-01-12,3.74
3602,2006-01-11,3.74
3603,2006-01-10,3.74
3604,2006-01-09,3.74
3605,2006-01-06,3.69
3606,2006-01-05,3.70
3607,2006-01-04,3.74
3608,2006-01-03,3.74
3609,2006-01-02,3.74
3610,2005-12-30,3.76
3611,2005-12-29,3.75
3612,2005-12-28,3.74
3613,2005-12-27,3.74
3614,2005-12-26,3.75
3615,2005-12-23,3.74
3616,2005-12-22,3.68
3617,2005-12-21,3.70
3618,2005-12-20,3.75
3619,2005-12-19,3.74
3620,2005-12-16,3.74
3621,2005-12-15,3.74
3622,2005-12-14,3.75
3623,2005-12-13,3.74
3624,2005-12-12,3.74
3625,2005-12-09,3.73
3626,2005-12-08,3.73
3627,2005-12-07,3.47
3628,2005-12-06,3.43
3629,2005-12-05,3.48
3630,2005-12-02,3.49
3631,2005-12-01,3.50
3632,2005-11-30,3.50
3633,2005-11-29,3.49
3634,2005-11-28,3.49
3635,2005-11-25,3.50
3636,2005-11-24,3.50
3637,2005-11-23,3.49
3638,2005-11-22,3.46
3639,2005-11-21,3.44
3640,2005-11-18,3.49
3641,2005-11-17,3.49
3642,2005-11-16,3.49
3643,2005-11-15,3.49
3644,2005-11-14,3.49
3645,2005-11-11,3.49
3646,2005-11-10,3.49
3647,2005-11-09,3.49
3648,2005-11-08,3.49
3649,2005-11-07,3.52
3650,2005-11-04,3.45
3651,2005-11-03,3.50
3652,2005-11-02,3.50
3653,2005-11-01,3.51
3654,2005-10-31,3.51
3655,2005-10-28,3.49
3656,2005-10-27,3.49
3657,2005-10-26,3.50
3658,2005-10-25,3.50
3659,2005-10-24,3.49
3660,2005-10-21,3.47
3661,2005-10-20,3.47
3662,2005-10-19,3.49
3663,2005-10-18,3.49
3664,2005-10-17,3.50
3665,2005-10-14,3.49
3666,2005-10-13,3.49
3667,2005-10-12,3.50
3668,2005-10-11,3.50
3669,2005-10-10,3.26
3670,2005-10-07,3.19
3671,2005-10-06,3.19
3672,2005-10-05,3.25
3673,2005-10-04,3.26
3674,2005-09-30,3.28
3675,2005-09-29,3.26
3676,2005-09-28,3.25
3677,2005-09-27,3.24
3678,2005-09-26,3.25
3679,2005-09-23,3.25
3680,2005-09-22,3.22
3681,2005-09-21,3.20
3682,2005-09-20,3.24
3683,2005-09-16,3.24
3684,2005-09-15,3.25
3685,2005-09-14,3.24
3686,2005-09-13,3.24
3687,2005-09-12,3.23
3688,2005-09-09,3.23
3689,2005-09-08,3.24
3690,2005-09-07,3.20
3691,2005-09-06,3.22
3692,2005-09-05,3.25
3693,2005-09-02,3.25
3694,2005-09-01,3.25
3695,2005-08-31,3.25
3696,2005-08-30,3.24
3697,2005-08-29,3.24
3698,2005-08-26,3.23
3699,2005-08-25,3.24
3700,2005-08-24,3.24
3701,2005-08-23,3.24
3702,2005-08-22,3.19
