,date,base_rate
0,2005-04-01,3.50
1,2005-04-02,3.50
2,2005-04-03,3.50
3,2005-04-04,3.50
4,2005-04-05,3.50
5,2005-04-06,3.50
6,2005-04-07,3.50
7,2005-04-08,3.50
8,2005-04-09,3.50
9,2005-04-10,3.50
10,2005-04-11,3.50
11,2005-04-12,3.50
12,2005-04-13,3.50
13,2005-04-14,3.50
14,2005-04-15,3.50
15,2005-04-16,3.50
16,2005-04-17,3.50
17,2005-04-18,3.50
18,2005-04-19,3.50
19,2005-04-20,3.50
20,2005-04-21,3.50
21,2005-04-22,3.50
22,2005-04-23,3.50
23,2005-04-24,3.50
24,2005-04-25,3.50
25,2005-04-26,3.50
26,2005-04-27,3.50
27,2005-04-28,3.50
28,2005-04-29,3.50
29,2005-04-30,3.50
30,2005-05-01,3.50
31,2005-05-02,3.50
32,2005-05-03,3.50
33,2005-05-04,3.50
34,2005-05-05,3.50
35,2005-05-06,3.50
36,2005-05-07,3.50
37,2005-05-08,3.50
38,2005-05-09,3.50
39,2005-05-10,3.50
40,2005-05-11,3.50
41,2005-05-12,3.50
42,2005-05-13,3.50
43,2005-05-14,3.50
44,2005-05-15,3.50
45,2005-05-16,3.50
46,2005-05-17,3.50
47,2005-05-18,3.50
48,2005-05-19,3.50
49,2005-05-20,3.50
50,2005-05-21,3.50
51,2005-05-22,3.50
52,2005-05-23,3.50
53,2005-05-24,3.50
54,2005-05-25,3.50
55,2005-05-26,3.50
56,2005-05-27,3.50
57,2005-05-28,3.50
58,2005-05-29,3.50
59,2005-05-30,3.50
60,2005-05-31,3.50
61,2005-06-01,3.50
62,2005-06-02,3.50
63,2005-06-03,3.50
64,2005-06-04,3.50
65,2005-06-05,3.50
66,2005-06-06,3.50
67,2005-06-07,3.50
68,2005-06-08,3.50
69,2005-06-09,3.50
70,2005-06-10,3.50
71,2005-06-11,3.50
72,2005-06-12,3.50
73,2005-06-13,3.50
74,2005-06-14,3.50
75,2005-06-15,3.50
76,2005-06-16,3.50
77,2005-06-17,3.50
78,2005-06-18,3.50
79,2005-06-19,3.50
80,2005-06-20,3.50
81,2005-06-21,3.50
82,2005-06-22,3.50
83,2005-06-23,3.50
84,2005-06-24,3.50
85,2005-06-25,3.50
86,2005-06-26,3.50
87,2005-06-27,3.50
88,2005-06-28,3.50
89,2005-06-29,3.50
90,2005-06-30,3.50
91,2005-07-01,3.50
92,2005-07-02,3.50
93,2005-07-03,3.50
94,2005-07-04,3.50
95,2005-07-05,3.50
96,2005-07-06,3.50
97,2005-07-07,3.50
98,2005-07-08,3.50
99,2005-07-09,3.50
100,2005-07-10,3.50
101,2005-07-11,3.50
102,2005-07-12,3.50
103,2005-07-13,3.50
104,2005-07-14,3.50
105,2005-07-15,3.50
106,2005-07-16,3.50
107,2005-07-17,3.50
108,2005-07-18,3.50
109,2005-07-19,3.50
110,2005-07-20,3.50
111,2005-07-21,3.50
112,2005-07-22,3.50
113,2005-07-23,3.50
114,2005-07-24,3.50
115,2005-07-25,3.50
116,2005-07-26,3.50
117,2005-07-27,3.50
118,2005-07-28,3.50
119,2005-07-29,3.50
120,2005-07-30,3.50
121,2005-07-31,3.50
122,2005-08-01,3.50
123,2005-08-02,3.50
124,2005-08-03,3.50
125,2005-08-04,3.50
126,2005-08-05,3.50
127,2005-08-06,3.50
128,2005-08-07,3.50
129,2005-08-08,3.50
130,2005-08-09,3.50
131,2005-08-10,3.50
132,2005-08-11,3.50
133,2005-08-12,3.50
134,2005-08-13,3.50
135,2005-08-14,3.50
136,2005-08-15,3.50
137,2005-08-16,3.50
138,2005-08-17,3.50
139,2005-08-18,3.50
140,2005-08-19,3.50
141,2005-08-20,3.50
142,2005-08-21,3.50
143,2005-08-22,3.50
144,2005-08-23,3.50
145,2005-08-24,3.50
146,2005-08-25,3.50
147,2005-08-26,3.50
148,2005-08-27,3.50
149,2005-08-28,3.50
150,2005-08-29,3.50
151,2005-08-30,3.50
152,2005-08-31,3.50
153,2005-09-01,3.50
154,2005-09-02,3.50
155,2005-09-03,3.50
156,2005-09-04,3.50
157,2005-09-05,3.50
158,2005-09-06,3.50
159,2005-09-07,3.50
160,2005-09-08,3.50
161,2005-09-09,3.50
162,2005-09-10,3.50
163,2005-09-11,3.50
164,2005-09-12,3.50
165,2005-09-13,3.50
166,2005-09-14,3.50
167,2005-09-15,3.50
168,2005-09-16,3.50
169,2005-09-17,3.50
170,2005-09-18,3.50
171,2005-09-19,3.50
172,2005-09-20,3.50
173,2005-09-21,3.50
174,2005-09-22,3.50
175,2005-09-23,3.50
176,2005-09-24,3.50
177,2005-09-25,3.50
178,2005-09-26,3.50
179,2005-09-27,3.50
180,2005-09-28,3.50
181,2005-09-29,3.50
182,2005-09-30,3.50
183,2005-10-01,3.50
184,2005-10-02,3.50
185,2005-10-03,3.50
186,2005-10-04,3.50
187,2005-10-05,3.50
188,2005-10-06,3.50
189,2005-10-07,3.50
190,2005-10-08,3.50
191,2005-10-09,3.50
192,2005-10-10,3.50
193,2005-10-11,3.50
194,2005-10-12,3.75
195,2005-10-13,3.75
196,2005-10-14,3.75
197,2005-10-15,3.75
198,2005-10-16,3.75
199,2005-10-17,3.75
200,2005-10-18,3.75
201,2005-10-19,3.75
202,2005-10-20,3.75
203,2005-10-21,3.75
204,2005-10-22,3.75
205,2005-10-23,3.75
206,2005-10-24,3.75
207,2005-10-25,3.75
208,2005-10-26,3.75
209,2005-10-27,3.75
210,2005-10-28,3.75
211,2005-10-29,3.75
212,2005-10-30,3.75
213,2005-10-31,3.75
214,2005-11-01,3.75
215,2005-11-02,3.75
216,2005-11-03,3.75
217,2005-11-04,3.75
218,2005-11-05,3.75
219,2005-11-06,3.75
220,2005-11-07,3.75
221,2005-11-08,3.75
222,2005-11-09,3.75
223,2005-11-10,3.75
224,2005-11-11,3.75
225,2005-11-12,3.75
226,2005-11-13,3.75
227,2005-11-14,3.75
228,2005-11-15,3.75
229,2005-11-16,3.75
230,2005-11-17,3.75
231,2005-11-18,3.75
232,2005-11-19,3.75
233,2005-11-20,3.75
234,2005-11-21,3.75
235,2005-11-22,3.75
236,2005-11-23,3.75
237,2005-11-24,3.75
238,2005-11-25,3.75
239,2005-11-26,3.75
240,2005-11-27,3.75
241,2005-11-28,3.75
242,2005-11-29,3.75
243,2005-11-30,3.75
244,2005-12-01,3.75
245,2005-12-02,3.75
246,2005-12-03,3.75
247,2005-12-04,3.75
248,2005-12-05,3.75
249,2005-12-06,3.75
250,2005-12-07,3.75
251,2005-12-08,3.75
252,2005-12-09,4.00
253,2005-12-10,4.00
254,2005-12-11,4.00
255,2005-12-12,4.00
256,2005-12-13,4.00
257,2005-12-14,4.00
258,2005-12-15,4.00
259,2005-12-16,4.00
260,2005-12-17,4.00
261,2005-12-18,4.00
262,2005-12-19,4.00
263,2005-12-20,4.00
264,2005-12-21,4.00
265,2005-12-22,4.00
266,2005-12-23,4.00
267,2005-12-24,4.00
268,2005-12-25,4.00
269,2005-12-26,4.00
270,2005-12-27,4.00
271,2005-12-28,4.00
272,2005-12-29,4.00
273,2005-12-30,4.00
274,2005-12-31,4.00
275,2006-01-01,4.00
276,2006-01-02,4.00
277,2006-01-03,4.00
278,2006-01-04,4.00
279,2006-01-05,4.00
280,2006-01-06,4.00
281,2006-01-07,4.00
282,2006-01-08,4.00
283,2006-01-09,4.00
284,2006-01-10,4.00
285,2006-01-11,4.00
286,2006-01-12,4.00
287,2006-01-13,4.00
288,2006-01-14,4.00
289,2006-01-15,4.00
290,2006-01-16,4.00
291,2006-01-17,4.00
292,2006-01-18,4.00
293,2006-01-19,4.00
294,2006-01-20,4.00
295,2006-01-21,4.00
296,2006-01-22,4.00
297,2006-01-23,4.00
298,2006-01-24,4.00
299,2006-01-25,4.00
300,2006-01-26,4.00
301,2006-01-27,4.00
302,2006-01-28,4.00
303,2006-01-29,4.00
304,2006-01-30,4.00
305,2006-01-31,4.00
306,2006-02-01,4.00
307,2006-02-02,4.00
308,2006-02-03,4.00
309,2006-02-04,4.00
310,2006-02-05,4.00
311,2006-02-06,4.00
312,2006-02-07,4.00
313,2006-02-08,4.00
314,2006-02-09,4.00
315,2006-02-10,4.25
316,2006-02-11,4.25
317,2006-02-12,4.25
318,2006-02-13,4.25
319,2006-02-14,4.25
320,2006-02-15,4.25
321,2006-02-16,4.25
322,2006-02-17,4.25
323,2006-02-18,4.25
324,2006-02-19,4.25
325,2006-02-20,4.25
326,2006-02-21,4.25
327,2006-02-22,4.25
328,2006-02-23,4.25
329,2006-02-24,4.25
330,2006-02-25,4.25
331,2006-02-26,4.25
332,2006-02-27,4.25
333,2006-02-28,4.25
334,2006-03-01,4.25
335,2006-03-02,4.25
336,2006-03-03,4.25
337,2006-03-04,4.25
338,2006-03-05,4.25
339,2006-03-06,4.25
340,2006-03-07,4.25
341,2006-03-08,4.25
342,2006-03-09,4.25
343,2006-03-10,4.25
344,2006-03-11,4.25
345,2006-03-12,4.25
346,2006-03-13,4.25
347,2006-03-14,4.25
348,2006-03-15,4.25
349,2006-03-16,4.25
350,2006-03-17,4.25
351,2006-03-18,4.25
352,2006-03-19,4.25
353,2006-03-20,4.25
354,2006-03-21,4.25
355,2006-03-22,4.25
356,2006-03-23,4.25
357,2006-03-24,4.25
358,2006-03-25,4.25
359,2006-03-26,4.25
360,2006-03-27,4.25
361,2006-03-28,4.25
362,2006-03-29,4.25
363,2006-03-30,4.25
364,2006-03-31,4.25
365,2006-04-01,4.25
366,2006-04-02,4.25
367,2006-04-03,4.25
368,2006-04-04,4.25
369,2006-04-05,4.25
370,2006-04-06,4.25
371,2006-04-07,4.25
372,2006-04-08,4.25
373,2006-04-09,4.25
374,2006-04-10,4.25
375,2006-04-11,4.25
376,2006-04-12,4.25
377,2006-04-13,4.25
378,2006-04-14,4.25
379,2006-04-15,4.25
380,2006-04-16,4.25
381,2006-04-17,4.25
382,2006-04-18,4.25
383,2006-04-19,4.25
384,2006-04-20,4.25
385,2006-04-21,4.25
386,2006-04-22,4.25
387,2006-04-23,4.25
388,2006-04-24,4.25
389,2006-04-25,4.25
390,2006-04-26,4.25
391,2006-04-27,4.25
392,2006-04-28,4.25
393,2006-04-29,4.25
394,2006-04-30,4.25
395,2006-05-01,4.25
396,2006-05-02,4.25
397,2006-05-03,4.25
398,2006-05-04,4.25
399,2006-05-05,4.25
400,2006-05-06,4.25
401,2006-05-07,4.25
402,2006-05-08,4.25
403,2006-05-09,4.25
404,2006-05-10,4.25
405,2006-05-11,4.25
406,2006-05-12,4.25
407,2006-05-13,4.25
408,2006-05-14,4.25
409,2006-05-15,4.25
410,2006-05-16,4.25
411,2006-05-17,4.25
412,2006-05-18,4.25
413,2006-05-19,4.25
414,2006-05-20,4.25
415,2006-05-21,4.25
416,2006-05-22,4.25
417,2006-05-23,4.25
418,2006-05-24,4.25
419,2006-05-25,4.25
420,2006-05-26,4.25
421,2006-05-27,4.25
422,2006-05-28,4.25
423,2006-05-29,4.25
424,2006-05-30,4.25
425,2006-05-31,4.25
426,2006-06-01,4.25
427,2006-06-02,4.25
428,2006-06-03,4.25
429,2006-06-04,4.25
430,2006-06-05,4.25
431,2006-06-06,4.25
432,2006-06-07,4.25
433,2006-06-08,4.25
434,2006-06-09,4.50
435,2006-06-10,4.50
436,2006-06-11,4.50
437,2006-06-12,4.50
438,2006-06-13,4.50
439,2006-06-14,4.50
440,2006-06-15,4.50
441,2006-06-16,4.50
442,2006-06-17,4.50
443,2006-06-18,4.50
444,2006-06-19,4.50
445,2006-06-20,4.50
446,2006-06-21,4.50
447,2006-06-22,4.50
448,2006-06-23,4.50
449,2006-06-24,4.50
450,2006-06-25,4.50
451,2006-06-26,4.50
452,2006-06-27,4.50
453,2006-06-28,4.50
454,2006-06-29,4.50
455,2006-06-30,4.50
456,2006-07-01,4.50
457,2006-07-02,4.50
458,2006-07-03,4.50
459,2006-07-04,4.50
460,2006-07-05,4.50
461,2006-07-06,4.50
462,2006-07-07,4.50
463,2006-07-08,4.50
464,2006-07-09,4.50
465,2006-07-10,4.50
466,2006-07-11,4.50
467,2006-07-12,4.50
468,2006-07-13,4.50
469,2006-07-14,4.50
470,2006-07-15,4.50
471,2006-07-16,4.50
472,2006-07-17,4.50
473,2006-07-18,4.50
474,2006-07-19,4.50
475,2006-07-20,4.50
476,2006-07-21,4.50
477,2006-07-22,4.50
478,2006-07-23,4.50
479,2006-07-24,4.50
480,2006-07-25,4.50
481,2006-07-26,4.50
482,2006-07-27,4.50
483,2006-07-28,4.50
484,2006-07-29,4.50
485,2006-07-30,4.50
486,2006-07-31,4.50
487,2006-08-01,4.50
488,2006-08-02,4.50
489,2006-08-03,4.50
490,2006-08-04,4.50
491,2006-08-05,4.50
492,2006-08-06,4.50
493,2006-08-07,4.50
494,2006-08-08,4.50
495,2006-08-09,4.50
496,2006-08-10,4.50
497,2006-08-11,4.75
498,2006-08-12,4.75
499,2006-08-13,4.75
500,2006-08-14,4.75
501,2006-08-15,4.75
502,2006-08-16,4.75
503,2006-08-17,4.75
504,2006-08-18,4.75
505,2006-08-19,4.75
506,2006-08-20,4.75
507,2006-08-21,4.75
508,2006-08-22,4.75
509,2006-08-23,4.75
510,2006-08-24,4.75
511,2006-08-25,4.75
512,2006-08-26,4.75
513,2006-08-27,4.75
514,2006-08-28,4.75
515,2006-08-29,4.75
516,2006-08-30,4.75
517,2006-08-31,4.75
518,2006-09-01,4.75
519,2006-09-02,4.75
520,2006-09-03,4.75
521,2006-09-04,4.75
522,2006-09-05,4.75
523,2006-09-06,4.75
524,2006-09-07,4.75
525,2006-09-08,4.75
526,2006-09-09,4.75
527,2006-09-10,4.75
528,2006-09-11,4.75
529,2006-09-12,4.75
530,2006-09-13,4.75
531,2006-09-14,4.75
532,2006-09-15,4.75
533,2006-09-16,4.75
534,2006-09-17,4.75
535,2006-09-18,4.75
536,2006-09-19,4.75
537,2006-09-20,4.75
538,2006-09-21,4.75
539,2006-09-22,4.75
540,2006-09-23,4.75
541,2006-09-24,4.75
542,2006-09-25,4.75
543,2006-09-26,4.75
544,2006-09-27,4.75
545,2006-09-28,4.75
546,2006-09-29,4.75
547,2006-09-30,4.75
548,2006-10-01,4.75
549,2006-10-02,4.75
550,2006-10-03,4.75
551,2006-10-04,4.75
552,2006-10-05,4.75
553,2006-10-06,4.75
554,2006-10-07,4.75
555,2006-10-08,4.75
556,2006-10-09,4.75
557,2006-10-10,4.75
558,2006-10-11,4.75
559,2006-10-12,4.75
560,2006-10-13,4.75
561,2006-10-14,4.75
562,2006-10-15,4.75
563,2006-10-16,4.75
564,2006-10-17,4.75
565,2006-10-18,4.75
566,2006-10-19,4.75
567,2006-10-20,4.75
568,2006-10-21,4.75
569,2006-10-22,4.75
570,2006-10-23,4.75
571,2006-10-24,4.75
572,2006-10-25,4.75
573,2006-10-26,4.75
574,2006-10-27,4.75
575,2006-10-28,4.75
576,2006-10-29,4.75
577,2006-10-30,4.75
578,2006-10-31,4.75
579,2006-11-01,4.75
580,2006-11-02,4.75
581,2006-11-03,4.75
582,2006-11-04,4.75
583,2006-11-05,4.75
584,2006-11-06,4.75
585,2006-11-07,4.75
586,2006-11-08,4.75
587,2006-11-09,4.75
588,2006-11-10,4.75
589,2006-11-11,4.75
590,2006-11-12,4.75
591,2006-11-13,4.75
592,2006-11-14,4.75
593,2006-11-15,4.75
594,2006-11-16,4.75
595,2006-11-17,4.75
596,2006-11-18,4.75
597,2006-11-19,4.75
598,2006-11-20,4.75
599,2006-11-21,4.75
600,2006-11-22,4.75
601,2006-11-23,4.75
602,2006-11-24,4.75
603,2006-11-25,4.75
604,2006-11-26,4.75
605,2006-11-27,4.75
606,2006-11-28,4.75
607,2006-11-29,4.75
608,2006-11-30,4.75
609,2006-12-01,4.75
610,2006-12-02,4.75
611,2006-12-03,4.75
612,2006-12-04,4.75
613,2006-12-05,4.75
614,2006-12-06,4.75
615,2006-12-07,4.75
616,2006-12-08,4.75
617,2006-12-09,4.75
618,2006-12-10,4.75
619,2006-12-11,4.75
620,2006-12-12,4.75
621,2006-12-13,4.75
622,2006-12-14,4.75
623,2006-12-15,4.75
624,2006-12-16,4.75
625,2006-12-17,4.75
626,2006-12-18,4.75
627,2006-12-19,4.75
628,2006-12-20,4.75
629,2006-12-21,4.75
630,2006-12-22,4.75
631,2006-12-23,4.75
632,2006-12-24,4.75
633,2006-12-25,4.75
634,2006-12-26,4.75
635,2006-12-27,4.75
636,2006-12-28,4.75
637,2006-12-29,4.75
638,2006-12-30,4.75
639,2006-12-31,4.75
640,2007-01-01,4.75
641,2007-01-02,4.75
642,2007-01-03,4.75
643,2007-01-04,4.75
644,2007-01-05,4.75
645,2007-01-06,4.75
646,2007-01-07,4.75
647,2007-01-08,4.75
648,2007-01-09,4.75
649,2007-01-10,4.75
650,2007-01-11,4.75
651,2007-01-12,4.75
652,2007-01-13,4.75
653,2007-01-14,4.75
654,2007-01-15,4.75
655,2007-01-16,4.75
656,2007-01-17,4.75
657,2007-01-18,4.75
658,2007-01-19,4.75
659,2007-01-20,4.75
660,2007-01-21,4.75
661,2007-01-22,4.75
662,2007-01-23,4.75
663,2007-01-24,4.75
664,2007-01-25,4.75
665,2007-01-26,4.75
666,2007-01-27,4.75
667,2007-01-28,4.75
668,2007-01-29,4.75
669,2007-01-30,4.75
670,2007-01-31,4.75
671,2007-02-01,4.75
672,2007-02-02,4.75
673,2007-02-03,4.75
674,2007-02-04,4.75
675,2007-02-05,4.75
676,2007-02-06,4.75
677,2007-02-07,4.75
678,2007-02-08,4.75
679,2007-02-09,4.75
680,2007-02-10,4.75
681,2007-02-11,4.75
682,2007-02-12,4.75
683,2007-02-13,4.75
684,2007-02-14,4.75
685,2007-02-15,4.75
686,2007-02-16,4.75
687,2007-02-17,4.75
688,2007-02-18,4.75
689,2007-02-19,4.75
690,2007-02-20,4.75
691,2007-02-21,4.75
692,2007-02-22,4.75
693,2007-02-23,4.75
694,2007-02-24,4.75
695,2007-02-25,4.75
696,2007-02-26,4.75
697,2007-02-27,4.75
698,2007-02-28,4.75
699,2007-03-01,4.75
700,2007-03-02,4.75
701,2007-03-03,4.75
702,2007-03-04,4.75
703,2007-03-05,4.75
704,2007-03-06,4.75
705,2007-03-07,4.75
706,2007-03-08,4.75
707,2007-03-09,4.75
708,2007-03-10,4.75
709,2007-03-11,4.75
710,2007-03-12,4.75
711,2007-03-13,4.75
712,2007-03-14,4.75
713,2007-03-15,4.75
714,2007-03-16,4.75
715,2007-03-17,4.75
716,2007-03-18,4.75
717,2007-03-19,4.75
718,2007-03-20,4.75
719,2007-03-21,4.75
720,2007-03-22,4.75
721,2007-03-23,4.75
722,2007-03-24,4.75
723,2007-03-25,4.75
724,2007-03-26,4.75
725,2007-03-27,4.75
726,2007-03-28,4.75
727,2007-03-29,4.75
728,2007-03-30,4.75
729,2007-03-31,4.75
730,2007-04-01,4.75
731,2007-04-02,4.75
732,2007-04-03,4.75
733,2007-04-04,4.75
734,2007-04-05,4.75
735,2007-04-06,4.75
736,2007-04-07,4.75
737,2007-04-08,4.75
738,2007-04-09,4.75
739,2007-04-10,4.75
740,2007-04-11,4.75
741,2007-04-12,4.75
742,2007-04-13,4.75
743,2007-04-14,4.75
744,2007-04-15,4.75
745,2007-04-16,4.75
746,2007-04-17,4.75
747,2007-04-18,4.75
748,2007-04-19,4.75
749,2007-04-20,4.75
750,2007-04-21,4.75
751,2007-04-22,4.75
752,2007-04-23,4.75
753,2007-04-24,4.75
754,2007-04-25,4.75
755,2007-04-26,4.75
756,2007-04-27,4.75
757,2007-04-28,4.75
758,2007-04-29,4.75
759,2007-04-30,4.75
760,2007-05-01,4.75
761,2007-05-02,4.75
762,2007-05-03,4.75
763,2007-05-04,4.75
764,2007-05-05,4.75
765,2007-05-06,4.75
766,2007-05-07,4.75
767,2007-05-08,4.75
768,2007-05-09,4.75
769,2007-05-10,4.75
770,2007-05-11,4.75
771,2007-05-12,4.75
772,2007-05-13,4.75
773,2007-05-14,4.75
774,2007-05-15,4.75
775,2007-05-16,4.75
776,2007-05-17,4.75
777,2007-05-18,4.75
778,2007-05-19,4.75
779,2007-05-20,4.75
780,2007-05-21,4.75
781,2007-05-22,4.75
782,2007-05-23,4.75
783,2007-05-24,4.75
784,2007-05-25,4.75
785,2007-05-26,4.75
786,2007-05-27,4.75
787,2007-05-28,4.75
788,2007-05-29,4.75
789,2007-05-30,4.75
790,2007-05-31,4.75
791,2007-06-01,4.75
792,2007-06-02,4.75
793,2007-06-03,4.75
794,2007-06-04,4.75
795,2007-06-05,4.75
796,2007-06-06,4.75
797,2007-06-07,4.75
798,2007-06-08,4.75
799,2007-06-09,4.75
800,2007-06-10,4.75
801,2007-06-11,4.75
802,2007-06-12,4.75
803,2007-06-13,4.75
804,2007-06-14,4.75
805,2007-06-15,4.75
806,2007-06-16,4.75
807,2007-06-17,4.75
808,2007-06-18,4.75
809,2007-06-19,4.75
810,2007-06-20,4.75
811,2007-06-21,4.75
812,2007-06-22,4.75
813,2007-06-23,4.75
814,2007-06-24,4.75
815,2007-06-25,4.75
816,2007-06-26,4.75
817,2007-06-27,4.75
818,2007-06-28,4.75
819,2007-06-29,4.75
820,2007-06-30,4.75
821,2007-07-01,4.75
822,2007-07-02,4.75
823,2007-07-03,4.75
824,2007-07-04,4.75
825,2007-07-05,4.75
826,2007-07-06,4.75
827,2007-07-07,4.75
828,2007-07-08,4.75
829,2007-07-09,4.75
830,2007-07-10,4.75
831,2007-07-11,4.75
832,2007-07-12,4.75
833,2007-07-13,5.00
834,2007-07-14,5.00
835,2007-07-15,5.00
836,2007-07-16,5.00
837,2007-07-17,5.00
838,2007-07-18,5.00
839,2007-07-19,5.00
840,2007-07-20,5.00
841,2007-07-21,5.00
842,2007-07-22,5.00
843,2007-07-23,5.00
844,2007-07-24,5.00
845,2007-07-25,5.00
846,2007-07-26,5.00
847,2007-07-27,5.00
848,2007-07-28,5.00
849,2007-07-29,5.00
850,2007-07-30,5.00
851,2007-07-31,5.00
852,2007-08-01,5.00
853,2007-08-02,5.00
854,2007-08-03,5.00
855,2007-08-04,5.00
856,2007-08-05,5.00
857,2007-08-06,5.00
858,2007-08-07,5.00
859,2007-08-08,5.00
860,2007-08-09,5.00
861,2007-08-10,5.25
862,2007-08-11,5.25
863,2007-08-12,5.25
864,2007-08-13,5.25
865,2007-08-14,5.25
866,2007-08-15,5.25
867,2007-08-16,5.25
868,2007-08-17,5.25
869,2007-08-18,5.25
870,2007-08-19,5.25
871,2007-08-20,5.25
872,2007-08-21,5.25
873,2007-08-22,5.25
874,2007-08-23,5.25
875,2007-08-24,5.25
876,2007-08-25,5.25
877,2007-08-26,5.25
878,2007-08-27,5.25
879,2007-08-28,5.25
880,2007-08-29,5.25
881,2007-08-30,5.25
882,2007-08-31,5.25
883,2007-09-01,5.25
884,2007-09-02,5.25
885,2007-09-03,5.25
886,2007-09-04,5.25
887,2007-09-05,5.25
888,2007-09-06,5.25
889,2007-09-07,5.25
890,2007-09-08,5.25
891,2007-09-09,5.25
892,2007-09-10,5.25
893,2007-09-11,5.25
894,2007-09-12,5.25
895,2007-09-13,5.25
896,2007-09-14,5.25
897,2007-09-15,5.25
898,2007-09-16,5.25
899,2007-09-17,5.25
900,2007-09-18,5.25
901,2007-09-19,5.25
902,2007-09-20,5.25
903,2007-09-21,5.25
904,2007-09-22,5.25
905,2007-09-23,5.25
906,2007-09-24,5.25
907,2007-09-25,5.25
908,2007-09-26,5.25
909,2007-09-27,5.25
910,2007-09-28,5.25
911,2007-09-29,5.25
912,2007-09-30,5.25
913,2007-10-01,5.25
914,2007-10-02,5.25
915,2007-10-03,5.25
916,2007-10-04,5.25
917,2007-10-05,5.25
918,2007-10-06,5.25
919,2007-10-07,5.25
920,2007-10-08,5.25
921,2007-10-09,5.25
922,2007-10-10,5.25
923,2007-10-11,5.25
924,2007-10-12,5.25
925,2007-10-13,5.25
926,2007-10-14,5.25
927,2007-10-15,5.25
928,2007-10-16,5.25
929,2007-10-17,5.25
930,2007-10-18,5.25
931,2007-10-19,5.25
932,2007-10-20,5.25
933,2007-10-21,5.25
934,2007-10-22,5.25
935,2007-10-23,5.25
936,2007-10-24,5.25
937,2007-10-25,5.25
938,2007-10-26,5.25
939,2007-10-27,5.25
940,2007-10-28,5.25
941,2007-10-29,5.25
942,2007-10-30,5.25
943,2007-10-31,5.25
944,2007-11-01,5.25
945,2007-11-02,5.25
946,2007-11-03,5.25
947,2007-11-04,5.25
948,2007-11-05,5.25
949,2007-11-06,5.25
950,2007-11-07,5.25
951,2007-11-08,5.25
952,2007-11-09,5.25
953,2007-11-10,5.25
954,2007-11-11,5.25
955,2007-11-12,5.25
956,2007-11-13,5.25
957,2007-11-14,5.25
958,2007-11-15,5.25
959,2007-11-16,5.25
960,2007-11-17,5.25
961,2007-11-18,5.25
962,2007-11-19,5.25
963,2007-11-20,5.25
964,2007-11-21,5.25
965,2007-11-22,5.25
966,2007-11-23,5.25
967,2007-11-24,5.25
968,2007-11-25,5.25
969,2007-11-26,5.25
970,2007-11-27,5.25
971,2007-11-28,5.25
972,2007-11-29,5.25
973,2007-11-30,5.25
974,2007-12-01,5.25
975,2007-12-02,5.25
976,2007-12-03,5.25
977,2007-12-04,5.25
978,2007-12-05,5.25
979,2007-12-06,5.25
980,2007-12-07,5.25
981,2007-12-08,5.25
982,2007-12-09,5.25
983,2007-12-10,5.25
984,2007-12-11,5.25
985,2007-12-12,5.25
986,2007-12-13,5.25
987,2007-12-14,5.25
988,2007-12-15,5.25
989,2007-12-16,5.25
990,2007-12-17,5.25
991,2007-12-18,5.25
992,2007-12-19,5.25
993,2007-12-20,5.25
994,2007-12-21,5.25
995,2007-12-22,5.25
996,2007-12-23,5.25
997,2007-12-24,5.25
998,2007-12-25,5.25
999,2007-12-26,5.25
1000,2007-12-27,5.25
1001,2007-12-28,5.25
1002,2007-12-29,5.25
1003,2007-12-30,5.25
1004,2007-12-31,5.25
1005,2008-01-01,5.25
1006,2008-01-02,5.25
1007,2008-01-03,5.25
1008,2008-01-04,5.25
1009,2008-01-05,5.25
1010,2008-01-06,5.25
1011,2008-01-07,5.25
1012,2008-01-08,5.25
1013,2008-01-09,5.25
1014,2008-01-10,5.25
1015,2008-01-11,5.25
1016,2008-01-12,5.25
1017,2008-01-13,5.25
1018,2008-01-14,5.25
1019,2008-01-15,5.25
1020,2008-01-16,5.25
1021,2008-01-17,5.25
1022,2008-01-18,5.25
1023,2008-01-19,5.25
1024,2008-01-20,5.25
1025,2008-01-21,5.25
1026,2008-01-22,5.25
1027,2008-01-23,5.25
1028,2008-01-24,5.25
1029,2008-01-25,5.25
1030,2008-01-26,5.25
1031,2008-01-27,5.25
1032,2008-01-28,5.25
1033,2008-01-29,5.25
1034,2008-01-30,5.25
1035,2008-01-31,5.25
1036,2008-02-01,5.25
1037,2008-02-02,5.25
1038,2008-02-03,5.25
1039,2008-02-04,5.25
1040,2008-02-05,5.25
1041,2008-02-06,5.25
1042,2008-02-07,5.25
1043,2008-02-08,5.25
1044,2008-02-09,5.25
1045,2008-02-10,5.25
1046,2008-02-11,5.25
1047,2008-02-12,5.25
1048,2008-02-13,5.25
1049,2008-02-14,5.25
1050,2008-02-15,5.25
1051,2008-02-16,5.25
1052,2008-02-17,5.25
1053,2008-02-18,5.25
1054,2008-02-19,5.25
1055,2008-02-20,5.25
1056,2008-02-21,5.25
1057,2008-02-22,5.25
1058,2008-02-23,5.25
1059,2008-02-24,5.25
1060,2008-02-25,5.25
1061,2008-02-26,5.25
1062,2008-02-27,5.25
1063,2008-02-28,5.25
1064,2008-02-29,5.25
1065,2008-03-01,5.25
1066,2008-03-02,5.25
1067,2008-03-03,5.25
1068,2008-03-04,5.25
1069,2008-03-05,5.25
1070,2008-03-06,5.25
1071,2008-03-07,5.25
1072,2008-03-08,5.25
1073,2008-03-09,5.25
1074,2008-03-10,5.25
1075,2008-03-11,5.25
1076,2008-03-12,5.25
1077,2008-03-13,5.25
1078,2008-03-14,5.25
1079,2008-03-15,5.25
1080,2008-03-16,5.25
1081,2008-03-17,5.25
1082,2008-03-18,5.25
1083,2008-03-19,5.25
1084,2008-03-20,5.25
1085,2008-03-21,5.25
1086,2008-03-22,5.25
1087,2008-03-23,5.25
1088,2008-03-24,5.25
1089,2008-03-25,5.25
1090,2008-03-26,5.25
1091,2008-03-27,5.25
1092,2008-03-28,5.25
1093,2008-03-29,5.25
1094,2008-03-30,5.25
1095,2008-03-31,5.25
1096,2008-04-01,5.25
1097,2008-04-02,5.25
1098,2008-04-03,5.25
1099,2008-04-04,5.25
1100,2008-04-05,5.25
1101,2008-04-06,5.25
1102,2008-04-07,5.25
1103,2008-04-08,5.25
1104,2008-04-09,5.25
1105,2008-04-10,5.25
1106,2008-04-11,5.25
1107,2008-04-12,5.25
1108,2008-04-13,5.25
1109,2008-04-14,5.25
1110,2008-04-15,5.25
1111,2008-04-16,5.25
1112,2008-04-17,5.25
1113,2008-04-18,5.25
1114,2008-04-19,5.25
1115,2008-04-20,5.25
1116,2008-04-21,5.25
1117,2008-04-22,5.25
1118,2008-04-23,5.25
1119,2008-04-24,5.25
1120,2008-04-25,5.25
1121,2008-04-26,5.25
1122,2008-04-27,5.25
1123,2008-04-28,5.25
1124,2008-04-29,5.25
1125,2008-04-30,5.25
1126,2008-05-01,5.25
1127,2008-05-02,5.25
1128,2008-05-03,5.25
1129,2008-05-04,5.25
1130,2008-05-05,5.25
1131,2008-05-06,5.25
1132,2008-05-07,5.25
1133,2008-05-08,5.25
1134,2008-05-09,5.25
1135,2008-05-10,5.25
1136,2008-05-11,5.25
1137,2008-05-12,5.25
1138,2008-05-13,5.25
1139,2008-05-14,5.25
1140,2008-05-15,5.25
1141,2008-05-16,5.25
1142,2008-05-17,5.25
1143,2008-05-18,5.25
1144,2008-05-19,5.25
1145,2008-05-20,5.25
1146,2008-05-21,5.25
1147,2008-05-22,5.25
1148,2008-05-23,5.25
1149,2008-05-24,5.25
1150,2008-05-25,5.25
1151,2008-05-26,5.25
1152,2008-05-27,5.25
1153,2008-05-28,5.25
1154,2008-05-29,5.25
1155,2008-05-30,5.25
1156,2008-05-31,5.25
1157,2008-06-01,5.25
1158,2008-06-02,5.25
1159,2008-06-03,5.25
1160,2008-06-04,5.25
1161,2008-06-05,5.25
1162,2008-06-06,5.25
1163,2008-06-07,5.25
1164,2008-06-08,5.25
1165,2008-06-09,5.25
1166,2008-06-10,5.25
1167,2008-06-11,5.25
1168,2008-06-12,5.25
1169,2008-06-13,5.25
1170,2008-06-14,5.25
1171,2008-06-15,5.25
1172,2008-06-16,5.25
1173,2008-06-17,5.25
1174,2008-06-18,5.25
1175,2008-06-19,5.25
1176,2008-06-20,5.25
1177,2008-06-21,5.25
1178,2008-06-22,5.25
1179,2008-06-23,5.25
1180,2008-06-24,5.25
1181,2008-06-25,5.25
1182,2008-06-26,5.25
1183,2008-06-27,5.25
1184,2008-06-28,5.25
1185,2008-06-29,5.25
1186,2008-06-30,5.25
1187,2008-07-01,5.25
1188,2008-07-02,5.25
1189,2008-07-03,5.25
1190,2008-07-04,5.25
1191,2008-07-05,5.25
1192,2008-07-06,5.25
1193,2008-07-07,5.25
1194,2008-07-08,5.25
1195,2008-07-09,5.25
1196,2008-07-10,5.25
1197,2008-07-11,5.25
1198,2008-07-12,5.25
1199,2008-07-13,5.25
1200,2008-07-14,5.25
1201,2008-07-15,5.25
1202,2008-07-16,5.25
1203,2008-07-17,5.25
1204,2008-07-18,5.25
1205,2008-07-19,5.25
1206,2008-07-20,5.25
1207,2008-07-21,5.25
1208,2008-07-22,5.25
1209,2008-07-23,5.25
1210,2008-07-24,5.25
1211,2008-07-25,5.25
1212,2008-07-26,5.25
1213,2008-07-27,5.25
1214,2008-07-28,5.25
1215,2008-07-29,5.25
1216,2008-07-30,5.25
1217,2008-07-31,5.25
1218,2008-08-01,5.25
1219,2008-08-02,5.25
1220,2008-08-03,5.25
1221,2008-08-04,5.25
1222,2008-08-05,5.25
1223,2008-08-06,5.25
1224,2008-08-07,5.25
1225,2008-08-08,5.00
1226,2008-08-09,5.00
1227,2008-08-10,5.00
1228,2008-08-11,5.00
1229,2008-08-12,5.00
1230,2008-08-13,5.00
1231,2008-08-14,5.00
1232,2008-08-15,5.00
1233,2008-08-16,5.00
1234,2008-08-17,5.00
1235,2008-08-18,5.00
1236,2008-08-19,5.00
1237,2008-08-20,5.00
1238,2008-08-21,5.00
1239,2008-08-22,5.00
1240,2008-08-23,5.00
1241,2008-08-24,5.00
1242,2008-08-25,5.00
1243,2008-08-26,5.00
1244,2008-08-27,5.00
1245,2008-08-28,5.00
1246,2008-08-29,5.00
1247,2008-08-30,5.00
1248,2008-08-31,5.00
1249,2008-09-01,5.00
1250,2008-09-02,5.00
1251,2008-09-03,5.00
1252,2008-09-04,5.00
1253,2008-09-05,5.00
1254,2008-09-06,5.00
1255,2008-09-07,5.00
1256,2008-09-08,5.00
1257,2008-09-09,5.00
1258,2008-09-10,5.00
1259,2008-09-11,5.00
1260,2008-09-12,5.00
1261,2008-09-13,5.00
1262,2008-09-14,5.00
1263,2008-09-15,5.00
1264,2008-09-16,5.00
1265,2008-09-17,5.00
1266,2008-09-18,5.00
1267,2008-09-19,5.00
1268,2008-09-20,5.00
1269,2008-09-21,5.00
1270,2008-09-22,5.00
1271,2008-09-23,5.00
1272,2008-09-24,5.00
1273,2008-09-25,5.00
1274,2008-09-26,5.00
1275,2008-09-27,5.00
1276,2008-09-28,5.00
1277,2008-09-29,5.00
1278,2008-09-30,5.00
1279,2008-10-01,5.00
1280,2008-10-02,5.00
1281,2008-10-03,5.00
1282,2008-10-04,5.00
1283,2008-10-05,5.00
1284,2008-10-06,5.00
1285,2008-10-07,5.00
1286,2008-10-08,5.00
1287,2008-10-09,5.00
1288,2008-10-10,4.25
1289,2008-10-11,4.25
1290,2008-10-12,4.25
1291,2008-10-13,4.25
1292,2008-10-14,4.25
1293,2008-10-15,4.25
1294,2008-10-16,4.25
1295,2008-10-17,4.25
1296,2008-10-18,4.25
1297,2008-10-19,4.25
1298,2008-10-20,4.25
1299,2008-10-21,4.25
1300,2008-10-22,4.25
1301,2008-10-23,4.25
1302,2008-10-24,4.25
1303,2008-10-25,4.25
1304,2008-10-26,4.25
1305,2008-10-27,4.25
1306,2008-10-28,4.00
1307,2008-10-29,4.00
1308,2008-10-30,4.00
1309,2008-10-31,4.00
1310,2008-11-01,4.00
1311,2008-11-02,4.00
1312,2008-11-03,4.00
1313,2008-11-04,4.00
1314,2008-11-05,4.00
1315,2008-11-06,4.00
1316,2008-11-07,4.00
1317,2008-11-08,3.00
1318,2008-11-09,3.00
1319,2008-11-10,3.00
1320,2008-11-11,3.00
1321,2008-11-12,3.00
1322,2008-11-13,3.00
1323,2008-11-14,3.00
1324,2008-11-15,3.00
1325,2008-11-16,3.00
1326,2008-11-17,3.00
1327,2008-11-18,3.00
1328,2008-11-19,3.00
1329,2008-11-20,3.00
1330,2008-11-21,3.00
1331,2008-11-22,3.00
1332,2008-11-23,3.00
1333,2008-11-24,3.00
1334,2008-11-25,3.00
1335,2008-11-26,3.00
1336,2008-11-27,3.00
1337,2008-11-28,3.00
1338,2008-11-29,3.00
1339,2008-11-30,3.00
1340,2008-12-01,3.00
1341,2008-12-02,3.00
1342,2008-12-03,3.00
1343,2008-12-04,3.00
1344,2008-12-05,3.00
1345,2008-12-06,3.00
1346,2008-12-07,3.00
1347,2008-12-08,3.00
1348,2008-12-09,3.00
1349,2008-12-10,3.00
1350,2008-12-11,3.00
1351,2008-12-12,2.50
1352,2008-12-13,2.50
1353,2008-12-14,2.50
1354,2008-12-15,2.50
1355,2008-12-16,2.50
1356,2008-12-17,2.50
1357,2008-12-18,2.50
1358,2008-12-19,2.50
1359,2008-12-20,2.50
1360,2008-12-21,2.50
1361,2008-12-22,2.50
1362,2008-12-23,2.50
1363,2008-12-24,2.50
1364,2008-12-25,2.50
1365,2008-12-26,2.50
1366,2008-12-27,2.50
1367,2008-12-28,2.50
1368,2008-12-29,2.50
1369,2008-12-30,2.50
1370,2008-12-31,2.50
1371,2009-01-01,2.50
1372,2009-01-02,2.50
1373,2009-01-03,2.50
1374,2009-01-04,2.50
1375,2009-01-05,2.50
1376,2009-01-06,2.50
1377,2009-01-07,2.50
1378,2009-01-08,2.50
1379,2009-01-09,2.50
1380,2009-01-10,2.00
1381,2009-01-11,2.00
1382,2009-01-12,2.00
1383,2009-01-13,2.00
1384,2009-01-14,2.00
1385,2009-01-15,2.00
1386,2009-01-16,2.00
1387,2009-01-17,2.00
1388,2009-01-18,2.00
1389,2009-01-19,2.00
1390,2009-01-20,2.00
1391,2009-01-21,2.00
1392,2009-01-22,2.00
1393,2009-01-23,2.00
1394,2009-01-24,2.00
1395,2009-01-25,2.00
1396,2009-01-26,2.00
1397,2009-01-27,2.00
1398,2009-01-28,2.00
1399,2009-01-29,2.00
1400,2009-01-30,2.00
1401,2009-01-31,2.00
1402,2009-02-01,2.00
1403,2009-02-02,2.00
1404,2009-02-03,2.00
1405,2009-02-04,2.00
1406,2009-02-05,2.00
1407,2009-02-06,2.00
1408,2009-02-07,2.00
1409,2009-02-08,2.00
1410,2009-02-09,2.00
1411,2009-02-10,2.00
1412,2009-02-11,2.00
1413,2009-02-12,2.00
1414,2009-02-13,2.25
1415,2009-02-14,2.25
1416,2009-02-15,2.25
1417,2009-02-16,2.25
1418,2009-02-17,2.25
1419,2009-02-18,2.25
1420,2009-02-19,2.25
1421,2009-02-20,2.25
1422,2009-02-21,2.25
1423,2009-02-22,2.25
1424,2009-02-23,2.25
1425,2009-02-24,2.25
1426,2009-02-25,2.25
1427,2009-02-26,2.25
1428,2009-02-27,2.25
1429,2009-02-28,2.25
1430,2009-03-01,2.25
1431,2009-03-02,2.25
1432,2009-03-03,2.25
1433,2009-03-04,2.25
1434,2009-03-05,2.25
1435,2009-03-06,2.25
1436,2009-03-07,2.25
1437,2009-03-08,2.25
1438,2009-03-09,2.25
1439,2009-03-10,2.25
1440,2009-03-11,2.25
1441,2009-03-12,2.25
1442,2009-03-13,2.25
1443,2009-03-14,2.25
1444,2009-03-15,2.25
1445,2009-03-16,2.25
1446,2009-03-17,2.25
1447,2009-03-18,2.25
1448,2009-03-19,2.25
1449,2009-03-20,2.25
1450,2009-03-21,2.25
1451,2009-03-22,2.25
1452,2009-03-23,2.25
1453,2009-03-24,2.25
1454,2009-03-25,2.25
1455,2009-03-26,2.25
1456,2009-03-27,2.25
1457,2009-03-28,2.25
1458,2009-03-29,2.25
1459,2009-03-30,2.25
1460,2009-03-31,2.25
1461,2009-04-01,2.25
1462,2009-04-02,2.25
1463,2009-04-03,2.25
1464,2009-04-04,2.25
1465,2009-04-05,2.25
1466,2009-04-06,2.25
1467,2009-04-07,2.25
1468,2009-04-08,2.25
1469,2009-04-09,2.25
1470,2009-04-10,2.25
1471,2009-04-11,2.25
1472,2009-04-12,2.25
1473,2009-04-13,2.25
1474,2009-04-14,2.25
1475,2009-04-15,2.25
1476,2009-04-16,2.25
1477,2009-04-17,2.25
1478,2009-04-18,2.25
1479,2009-04-19,2.25
1480,2009-04-20,2.25
1481,2009-04-21,2.25
1482,2009-04-22,2.25
1483,2009-04-23,2.25
1484,2009-04-24,2.25
1485,2009-04-25,2.25
1486,2009-04-26,2.25
1487,2009-04-27,2.25
1488,2009-04-28,2.25
1489,2009-04-29,2.25
1490,2009-04-30,2.25
1491,2009-05-01,2.25
1492,2009-05-02,2.25
1493,2009-05-03,2.25
1494,2009-05-04,2.25
1495,2009-05-05,2.25
1496,2009-05-06,2.25
1497,2009-05-07,2.25
1498,2009-05-08,2.25
1499,2009-05-09,2.25
1500,2009-05-10,2.25
1501,2009-05-11,2.25
1502,2009-05-12,2.25
1503,2009-05-13,2.25
1504,2009-05-14,2.25
1505,2009-05-15,2.25
1506,2009-05-16,2.25
1507,2009-05-17,2.25
1508,2009-05-18,2.25
1509,2009-05-19,2.25
1510,2009-05-20,2.25
1511,2009-05-21,2.25
1512,2009-05-22,2.25
1513,2009-05-23,2.25
1514,2009-05-24,2.25
1515,2009-05-25,2.25
1516,2009-05-26,2.25
1517,2009-05-27,2.25
1518,2009-05-28,2.25
1519,2009-05-29,2.25
1520,2009-05-30,2.25
1521,2009-05-31,2.25
1522,2009-06-01,2.25
1523,2009-06-02,2.25
1524,2009-06-03,2.25
1525,2009-06-04,2.25
1526,2009-06-05,2.25
1527,2009-06-06,2.25
1528,2009-06-07,2.25
1529,2009-06-08,2.25
1530,2009-06-09,2.25
1531,2009-06-10,2.25
1532,2009-06-11,2.25
1533,2009-06-12,2.25
1534,2009-06-13,2.25
1535,2009-06-14,2.25
1536,2009-06-15,2.25
1537,2009-06-16,2.25
1538,2009-06-17,2.25
1539,2009-06-18,2.25
1540,2009-06-19,2.25
1541,2009-06-20,2.25
1542,2009-06-21,2.25
1543,2009-06-22,2.25
1544,2009-06-23,2.25
1545,2009-06-24,2.25
1546,2009-06-25,2.25
1547,2009-06-26,2.25
1548,2009-06-27,2.25
1549,2009-06-28,2.25
1550,2009-06-29,2.25
1551,2009-06-30,2.25
1552,2009-07-01,2.25
1553,2009-07-02,2.25
1554,2009-07-03,2.25
1555,2009-07-04,2.25
1556,2009-07-05,2.25
1557,2009-07-06,2.25
1558,2009-07-07,2.25
1559,2009-07-08,2.25
1560,2009-07-09,2.25
1561,2009-07-10,2.25
1562,2009-07-11,2.25
1563,2009-07-12,2.25
1564,2009-07-13,2.25
1565,2009-07-14,2.25
1566,2009-07-15,2.25
1567,2009-07-16,2.25
1568,2009-07-17,2.25
1569,2009-07-18,2.25
1570,2009-07-19,2.25
1571,2009-07-20,2.25
1572,2009-07-21,2.25
1573,2009-07-22,2.25
1574,2009-07-23,2.25
1575,2009-07-24,2.25
1576,2009-07-25,2.25
1577,2009-07-26,2.25
1578,2009-07-27,2.25
1579,2009-07-28,2.25
1580,2009-07-29,2.25
1581,2009-07-30,2.25
1582,2009-07-31,2.25
1583,2009-08-01,2.25
1584,2009-08-02,2.25
1585,2009-08-03,2.25
1586,2009-08-04,2.25
1587,2009-08-05,2.25
1588,2009-08-06,2.25
1589,2009-08-07,2.25
1590,2009-08-08,2.25
1591,2009-08-09,2.25
1592,2009-08-10,2.25
1593,2009-08-11,2.25
1594,2009-08-12,2.25
1595,2009-08-13,2.25
1596,2009-08-14,2.25
1597,2009-08-15,2.25
1598,2009-08-16,2.25
1599,2009-08-17,2.25
1600,2009-08-18,2.25
1601,2009-08-19,2.25
1602,2009-08-20,2.25
1603,2009-08-21,2.25
1604,2009-08-22,2.25
1605,2009-08-23,2.25
1606,2009-08-24,2.25
1607,2009-08-25,2.25
1608,2009-08-26,2.25
1609,2009-08-27,2.25
1610,2009-08-28,2.25
1611,2009-08-29,2.25
1612,2009-08-30,2.25
1613,2009-08-31,2.25
1614,2009-09-01,2.25
1615,2009-09-02,2.25
1616,2009-09-03,2.25
1617,2009-09-04,2.25
1618,2009-09-05,2.25
1619,2009-09-06,2.25
1620,2009-09-07,2.25
1621,2009-09-08,2.25
1622,2009-09-09,2.25
1623,2009-09-10,2.25
1624,2009-09-11,2.25
1625,2009-09-12,2.25
1626,2009-09-13,2.25
1627,2009-09-14,2.25
1628,2009-09-15,2.25
1629,2009-09-16,2.25
1630,2009-09-17,2.25
1631,2009-09-18,2.25
1632,2009-09-19,2.25
1633,2009-09-20,2.25
1634,2009-09-21,2.25
1635,2009-09-22,2.25
1636,2009-09-23,2.25
1637,2009-09-24,2.25
1638,2009-09-25,2.25
1639,2009-09-26,2.25
1640,2009-09-27,2.25
1641,2009-09-28,2.25
1642,2009-09-29,2.25
1643,2009-09-30,2.25
1644,2009-10-01,2.25
1645,2009-10-02,2.25
1646,2009-10-03,2.25
1647,2009-10-04,2.25
1648,2009-10-05,2.25
1649,2009-10-06,2.25
1650,2009-10-07,2.25
1651,2009-10-08,2.25
1652,2009-10-09,2.25
1653,2009-10-10,2.25
1654,2009-10-11,2.25
1655,2009-10-12,2.25
1656,2009-10-13,2.25
1657,2009-10-14,2.25
1658,2009-10-15,2.25
1659,2009-10-16,2.25
1660,2009-10-17,2.25
1661,2009-10-18,2.25
1662,2009-10-19,2.25
1663,2009-10-20,2.25
1664,2009-10-21,2.25
1665,2009-10-22,2.25
1666,2009-10-23,2.25
1667,2009-10-24,2.25
1668,2009-10-25,2.25
1669,2009-10-26,2.25
1670,2009-10-27,2.25
1671,2009-10-28,2.25
1672,2009-10-29,2.25
1673,2009-10-30,2.25
1674,2009-10-31,2.25
1675,2009-11-01,2.25
1676,2009-11-02,2.25
1677,2009-11-03,2.25
1678,2009-11-04,2.25
1679,2009-11-05,2.25
1680,2009-11-06,2.25
1681,2009-11-07,2.25
1682,2009-11-08,2.25
1683,2009-11-09,2.25
1684,2009-11-10,2.25
1685,2009-11-11,2.25
1686,2009-11-12,2.25
1687,2009-11-13,2.25
1688,2009-11-14,2.25
1689,2009-11-15,2.25
1690,2009-11-16,2.25
1691,2009-11-17,2.25
1692,2009-11-18,2.25
1693,2009-11-19,2.25
1694,2009-11-20,2.25
1695,2009-11-21,2.25
1696,2009-11-22,2.25
1697,2009-11-23,2.25
1698,2009-11-24,2.25
1699,2009-11-25,2.25
1700,2009-11-26,2.25
1701,2009-11-27,2.25
1702,2009-11-28,2.25
1703,2009-11-29,2.25
1704,2009-11-30,2.25
1705,2009-12-01,2.25
1706,2009-12-02,2.25
1707,2009-12-03,2.25
1708,2009-12-04,2.25
1709,2009-12-05,2.25
1710,2009-12-06,2.25
1711,2009-12-07,2.25
1712,2009-12-08,2.25
1713,2009-12-09,2.25
1714,2009-12-10,2.25
1715,2009-12-11,2.25
1716,2009-12-12,2.25
1717,2009-12-13,2.25
1718,2009-12-14,2.25
1719,2009-12-15,2.25
1720,2009-12-16,2.25
1721,2009-12-17,2.25
1722,2009-12-18,2.25
1723,2009-12-19,2.25
1724,2009-12-20,2.25
1725,2009-12-21,2.25
1726,2009-12-22,2.25
1727,2009-12-23,2.25
1728,2009-12-24,2.25
1729,2009-12-25,2.25
1730,2009-12-26,2.25
1731,2009-12-27,2.25
1732,2009-12-28,2.25
1733,2009-12-29,2.25
1734,2009-12-30,2.25
1735,2009-12-31,2.25
1736,2010-01-01,2.25
1737,2010-01-02,2.25
1738,2010-01-03,2.25
1739,2010-01-04,2.25
1740,2010-01-05,2.25
1741,2010-01-06,2.25
1742,2010-01-07,2.25
1743,2010-01-08,2.25
1744,2010-01-09,2.25
1745,2010-01-10,2.25
1746,2010-01-11,2.25
1747,2010-01-12,2.25
1748,2010-01-13,2.25
1749,2010-01-14,2.25
1750,2010-01-15,2.25
1751,2010-01-16,2.25
1752,2010-01-17,2.25
1753,2010-01-18,2.25
1754,2010-01-19,2.25
1755,2010-01-20,2.25
1756,2010-01-21,2.25
1757,2010-01-22,2.25
1758,2010-01-23,2.25
1759,2010-01-24,2.25
1760,2010-01-25,2.25
1761,2010-01-26,2.25
1762,2010-01-27,2.25
1763,2010-01-28,2.25
1764,2010-01-29,2.25
1765,2010-01-30,2.25
1766,2010-01-31,2.25
1767,2010-02-01,2.25
1768,2010-02-02,2.25
1769,2010-02-03,2.25
1770,2010-02-04,2.25
1771,2010-02-05,2.25
1772,2010-02-06,2.25
1773,2010-02-07,2.25
1774,2010-02-08,2.25
1775,2010-02-09,2.25
1776,2010-02-10,2.25
1777,2010-02-11,2.25
1778,2010-02-12,2.25
1779,2010-02-13,2.25
1780,2010-02-14,2.25
1781,2010-02-15,2.25
1782,2010-02-16,2.25
1783,2010-02-17,2.25
1784,2010-02-18,2.25
1785,2010-02-19,2.25
1786,2010-02-20,2.25
1787,2010-02-21,2.25
1788,2010-02-22,2.25
1789,2010-02-23,2.25
1790,2010-02-24,2.25
1791,2010-02-25,2.25
1792,2010-02-26,2.25
1793,2010-02-27,2.25
1794,2010-02-28,2.25
1795,2010-03-01,2.25
1796,2010-03-02,2.25
1797,2010-03-03,2.25
1798,2010-03-04,2.25
1799,2010-03-05,2.25
1800,2010-03-06,2.25
1801,2010-03-07,2.25
1802,2010-03-08,2.25
1803,2010-03-09,2.25
1804,2010-03-10,2.25
1805,2010-03-11,2.25
1806,2010-03-12,2.25
1807,2010-03-13,2.25
1808,2010-03-14,2.25
1809,2010-03-15,2.25
1810,2010-03-16,2.25
1811,2010-03-17,2.25
1812,2010-03-18,2.25
1813,2010-03-19,2.25
1814,2010-03-20,2.25
1815,2010-03-21,2.25
1816,2010-03-22,2.25
1817,2010-03-23,2.25
1818,2010-03-24,2.25
1819,2010-03-25,2.25
1820,2010-03-26,2.25
1821,2010-03-27,2.25
1822,2010-03-28,2.25
1823,2010-03-29,2.25
1824,2010-03-30,2.25
1825,2010-03-31,2.25
1826,2010-04-01,2.25
1827,2010-04-02,2.25
1828,2010-04-03,2.25
1829,2010-04-04,2.25
1830,2010-04-05,2.25
1831,2010-04-06,2.25
1832,2010-04-07,2.25
1833,2010-04-08,2.25
1834,2010-04-09,2.25
1835,2010-04-10,2.25
1836,2010-04-11,2.25
1837,2010-04-12,2.25
1838,2010-04-13,2.25
1839,2010-04-14,2.25
1840,2010-04-15,2.25
1841,2010-04-16,2.25
1842,2010-04-17,2.25
1843,2010-04-18,2.25
1844,2010-04-19,2.25
1845,2010-04-20,2.25
1846,2010-04-21,2.25
1847,2010-04-22,2.25
1848,2010-04-23,2.25
1849,2010-04-24,2.25
1850,2010-04-25,2.25
1851,2010-04-26,2.25
1852,2010-04-27,2.25
1853,2010-04-28,2.25
1854,2010-04-29,2.25
1855,2010-04-30,2.25
1856,2010-05-01,2.25
1857,2010-05-02,2.25
1858,2010-05-03,2.25
1859,2010-05-04,2.25
1860,2010-05-05,2.25
1861,2010-05-06,2.25
1862,2010-05-07,2.25
1863,2010-05-08,2.25
1864,2010-05-09,2.25
1865,2010-05-10,2.25
1866,2010-05-11,2.25
1867,2010-05-12,2.25
1868,2010-05-13,2.25
1869,2010-05-14,2.25
1870,2010-05-15,2.25
1871,2010-05-16,2.25
1872,2010-05-17,2.25
1873,2010-05-18,2.25
1874,2010-05-19,2.25
1875,2010-05-20,2.25
1876,2010-05-21,2.25
1877,2010-05-22,2.25
1878,2010-05-23,2.25
1879,2010-05-24,2.25
1880,2010-05-25,2.25
1881,2010-05-26,2.25
1882,2010-05-27,2.25
1883,2010-05-28,2.25
1884,2010-05-29,2.25
1885,2010-05-30,2.25
1886,2010-05-31,2.25
1887,2010-06-01,2.25
1888,2010-06-02,2.25
1889,2010-06-03,2.25
1890,2010-06-04,2.25
1891,2010-06-05,2.25
1892,2010-06-06,2.25
1893,2010-06-07,2.25
1894,2010-06-08,2.25
1895,2010-06-09,2.25
1896,2010-06-10,2.25
1897,2010-06-11,2.25
1898,2010-06-12,2.25
1899,2010-06-13,2.25
1900,2010-06-14,2.25
1901,2010-06-15,2.25
1902,2010-06-16,2.25
1903,2010-06-17,2.25
1904,2010-06-18,2.25
1905,2010-06-19,2.25
1906,2010-06-20,2.25
1907,2010-06-21,2.25
1908,2010-06-22,2.25
1909,2010-06-23,2.25
1910,2010-06-24,2.25
1911,2010-06-25,2.25
1912,2010-06-26,2.25
1913,2010-06-27,2.25
1914,2010-06-28,2.25
1915,2010-06-29,2.25
1916,2010-06-30,2.25
1917,2010-07-01,2.25
1918,2010-07-02,2.25
1919,2010-07-03,2.25
1920,2010-07-04,2.25
1921,2010-07-05,2.25
1922,2010-07-06,2.25
1923,2010-07-07,2.25
1924,2010-07-08,2.25
1925,2010-07-09,2.25
1926,2010-07-10,2.50
1927,2010-07-11,2.50
1928,2010-07-12,2.50
1929,2010-07-13,2.50
1930,2010-07-14,2.50
1931,2010-07-15,2.50
1932,2010-07-16,2.50
1933,2010-07-17,2.50
1934,2010-07-18,2.50
1935,2010-07-19,2.50
1936,2010-07-20,2.50
1937,2010-07-21,2.50
1938,2010-07-22,2.50
1939,2010-07-23,2.50
1940,2010-07-24,2.50
1941,2010-07-25,2.50
1942,2010-07-26,2.50
1943,2010-07-27,2.50
1944,2010-07-28,2.50
1945,2010-07-29,2.50
1946,2010-07-30,2.50
1947,2010-07-31,2.50
1948,2010-08-01,2.50
1949,2010-08-02,2.50
1950,2010-08-03,2.50
1951,2010-08-04,2.50
1952,2010-08-05,2.50
1953,2010-08-06,2.50
1954,2010-08-07,2.50
1955,2010-08-08,2.50
1956,2010-08-09,2.50
1957,2010-08-10,2.50
1958,2010-08-11,2.50
1959,2010-08-12,2.50
1960,2010-08-13,2.50
1961,2010-08-14,2.50
1962,2010-08-15,2.50
1963,2010-08-16,2.50
1964,2010-08-17,2.50
1965,2010-08-18,2.50
1966,2010-08-19,2.50
1967,2010-08-20,2.50
1968,2010-08-21,2.50
1969,2010-08-22,2.50
1970,2010-08-23,2.50
1971,2010-08-24,2.50
1972,2010-08-25,2.50
1973,2010-08-26,2.50
1974,2010-08-27,2.50
1975,2010-08-28,2.50
1976,2010-08-29,2.50
1977,2010-08-30,2.50
1978,2010-08-31,2.50
1979,2010-09-01,2.50
1980,2010-09-02,2.50
1981,2010-09-03,2.50
1982,2010-09-04,2.50
1983,2010-09-05,2.50
1984,2010-09-06,2.50
1985,2010-09-07,2.50
1986,2010-09-08,2.50
1987,2010-09-09,2.50
1988,2010-09-10,2.50
1989,2010-09-11,2.50
1990,2010-09-12,2.50
1991,2010-09-13,2.50
1992,2010-09-14,2.50
1993,2010-09-15,2.50
1994,2010-09-16,2.50
1995,2010-09-17,2.50
1996,2010-09-18,2.50
1997,2010-09-19,2.50
1998,2010-09-20,2.50
1999,2010-09-21,2.50
2000,2010-09-22,2.50
2001,2010-09-23,2.50
2002,2010-09-24,2.50
2003,2010-09-25,2.50
2004,2010-09-26,2.50
2005,2010-09-27,2.50
2006,2010-09-28,2.50
2007,2010-09-29,2.50
2008,2010-09-30,2.50
2009,2010-10-01,2.50
2010,2010-10-02,2.50
2011,2010-10-03,2.50
2012,2010-10-04,2.50
2013,2010-10-05,2.50
2014,2010-10-06,2.50
2015,2010-10-07,2.50
2016,2010-10-08,2.50
2017,2010-10-09,2.50
2018,2010-10-10,2.50
2019,2010-10-11,2.50
2020,2010-10-12,2.50
2021,2010-10-13,2.50
2022,2010-10-14,2.50
2023,2010-10-15,2.50
2024,2010-10-16,2.50
2025,2010-10-17,2.50
2026,2010-10-18,2.50
2027,2010-10-19,2.50
2028,2010-10-20,2.50
2029,2010-10-21,2.50
2030,2010-10-22,2.50
2031,2010-10-23,2.50
2032,2010-10-24,2.50
2033,2010-10-25,2.50
2034,2010-10-26,2.50
2035,2010-10-27,2.50
2036,2010-10-28,2.50
2037,2010-10-29,2.50
2038,2010-10-30,2.50
2039,2010-10-31,2.50
2040,2010-11-01,2.50
2041,2010-11-02,2.50
2042,2010-11-03,2.50
2043,2010-11-04,2.50
2044,2010-11-05,2.50
2045,2010-11-06,2.50
2046,2010-11-07,2.50
2047,2010-11-08,2.50
2048,2010-11-09,2.50
2049,2010-11-10,2.50
2050,2010-11-11,2.50
2051,2010-11-12,2.50
2052,2010-11-13,2.50
2053,2010-11-14,2.50
2054,2010-11-15,2.50
2055,2010-11-16,2.50
2056,2010-11-17,2.75
2057,2010-11-18,2.75
2058,2010-11-19,2.75
2059,2010-11-20,2.75
2060,2010-11-21,2.75
2061,2010-11-22,2.75
2062,2010-11-23,2.75
2063,2010-11-24,2.75
2064,2010-11-25,2.75
2065,2010-11-26,2.75
2066,2010-11-27,2.75
2067,2010-11-28,2.75
2068,2010-11-29,2.75
2069,2010-11-30,2.75
2070,2010-12-01,2.75
2071,2010-12-02,2.75
2072,2010-12-03,2.75
2073,2010-12-04,2.75
2074,2010-12-05,2.75
2075,2010-12-06,2.75
2076,2010-12-07,2.75
2077,2010-12-08,2.75
2078,2010-12-09,2.75
2079,2010-12-10,2.75
2080,2010-12-11,2.75
2081,2010-12-12,2.75
2082,2010-12-13,2.75
2083,2010-12-14,2.75
2084,2010-12-15,2.75
2085,2010-12-16,2.75
2086,2010-12-17,2.75
2087,2010-12-18,2.75
2088,2010-12-19,2.75
2089,2010-12-20,2.75
2090,2010-12-21,2.75
2091,2010-12-22,2.75
2092,2010-12-23,2.75
2093,2010-12-24,2.75
2094,2010-12-25,2.75
2095,2010-12-26,2.75
2096,2010-12-27,2.75
2097,2010-12-28,2.75
2098,2010-12-29,2.75
2099,2010-12-30,2.75
2100,2010-12-31,2.75
2101,2011-01-01,2.75
2102,2011-01-02,2.75
2103,2011-01-03,2.75
2104,2011-01-04,2.75
2105,2011-01-05,2.75
2106,2011-01-06,2.75
2107,2011-01-07,2.75
2108,2011-01-08,2.75
2109,2011-01-09,2.75
2110,2011-01-10,2.75
2111,2011-01-11,2.75
2112,2011-01-12,2.75
2113,2011-01-13,2.75
2114,2011-01-14,3.00
2115,2011-01-15,3.00
2116,2011-01-16,3.00
2117,2011-01-17,3.00
2118,2011-01-18,3.00
2119,2011-01-19,3.00
2120,2011-01-20,3.00
2121,2011-01-21,3.00
2122,2011-01-22,3.00
2123,2011-01-23,3.00
2124,2011-01-24,3.00
2125,2011-01-25,3.00
2126,2011-01-26,3.00
2127,2011-01-27,3.00
2128,2011-01-28,3.00
2129,2011-01-29,3.00
2130,2011-01-30,3.00
2131,2011-01-31,3.00
2132,2011-02-01,3.00
2133,2011-02-02,3.00
2134,2011-02-03,3.00
2135,2011-02-04,3.00
2136,2011-02-05,3.00
2137,2011-02-06,3.00
2138,2011-02-07,3.00
2139,2011-02-08,3.00
2140,2011-02-09,3.00
2141,2011-02-10,3.00
2142,2011-02-11,3.00
2143,2011-02-12,3.00
2144,2011-02-13,3.00
2145,2011-02-14,3.00
2146,2011-02-15,3.00
2147,2011-02-16,3.00
2148,2011-02-17,3.00
2149,2011-02-18,3.00
2150,2011-02-19,3.00
2151,2011-02-20,3.00
2152,2011-02-21,3.00
2153,2011-02-22,3.00
2154,2011-02-23,3.00
2155,2011-02-24,3.00
2156,2011-02-25,3.00
2157,2011-02-26,3.00
2158,2011-02-27,3.00
2159,2011-02-28,3.00
2160,2011-03-01,3.00
2161,2011-03-02,3.00
2162,2011-03-03,3.00
2163,2011-03-04,3.00
2164,2011-03-05,3.00
2165,2011-03-06,3.00
2166,2011-03-07,3.00
2167,2011-03-08,3.00
2168,2011-03-09,3.00
2169,2011-03-10,3.00
2170,2011-03-11,3.25
2171,2011-03-12,3.25
2172,2011-03-13,3.25
2173,2011-03-14,3.25
2174,2011-03-15,3.25
2175,2011-03-16,3.25
2176,2011-03-17,3.25
2177,2011-03-18,3.25
2178,2011-03-19,3.25
2179,2011-03-20,3.25
2180,2011-03-21,3.25
2181,2011-03-22,3.25
2182,2011-03-23,3.25
2183,2011-03-24,3.25
2184,2011-03-25,3.25
2185,2011-03-26,3.25
2186,2011-03-27,3.25
2187,2011-03-28,3.25
2188,2011-03-29,3.25
2189,2011-03-30,3.25
2190,2011-03-31,3.25
2191,2011-04-01,3.25
2192,2011-04-02,3.25
2193,2011-04-03,3.25
2194,2011-04-04,3.25
2195,2011-04-05,3.25
2196,2011-04-06,3.25
2197,2011-04-07,3.25
2198,2011-04-08,3.25
2199,2011-04-09,3.25
2200,2011-04-10,3.25
2201,2011-04-11,3.25
2202,2011-04-12,3.25
2203,2011-04-13,3.25
2204,2011-04-14,3.25
2205,2011-04-15,3.25
2206,2011-04-16,3.25
2207,2011-04-17,3.25
2208,2011-04-18,3.25
2209,2011-04-19,3.25
2210,2011-04-20,3.25
2211,2011-04-21,3.25
2212,2011-04-22,3.25
2213,2011-04-23,3.25
2214,2011-04-24,3.25
2215,2011-04-25,3.25
2216,2011-04-26,3.25
2217,2011-04-27,3.25
2218,2011-04-28,3.25
2219,2011-04-29,3.25
2220,2011-04-30,3.25
2221,2011-05-01,3.25
2222,2011-05-02,3.25
2223,2011-05-03,3.25
2224,2011-05-04,3.25
2225,2011-05-05,3.25
2226,2011-05-06,3.25
2227,2011-05-07,3.25
2228,2011-05-08,3.25
2229,2011-05-09,3.25
2230,2011-05-10,3.25
2231,2011-05-11,3.25
2232,2011-05-12,3.25
2233,2011-05-13,3.25
2234,2011-05-14,3.25
2235,2011-05-15,3.25
2236,2011-05-16,3.25
2237,2011-05-17,3.25
2238,2011-05-18,3.25
2239,2011-05-19,3.25
2240,2011-05-20,3.25
2241,2011-05-21,3.25
2242,2011-05-22,3.25
2243,2011-05-23,3.25
2244,2011-05-24,3.25
2245,2011-05-25,3.25
2246,2011-05-26,3.25
2247,2011-05-27,3.25
2248,2011-05-28,3.25
2249,2011-05-29,3.25
2250,2011-05-30,3.25
2251,2011-05-31,3.25
2252,2011-06-01,3.25
2253,2011-06-02,3.25
2254,2011-06-03,3.25
2255,2011-06-04,3.25
2256,2011-06-05,3.25
2257,2011-06-06,3.25
2258,2011-06-07,3.25
2259,2011-06-08,3.25
2260,2011-06-09,3.25
2261,2011-06-10,3.25
2262,2011-06-11,3.00
2263,2011-06-12,3.00
2264,2011-06-13,3.00
2265,2011-06-14,3.00
2266,2011-06-15,3.00
2267,2011-06-16,3.00
2268,2011-06-17,3.00
2269,2011-06-18,3.00
2270,2011-06-19,3.00
2271,2011-06-20,3.00
2272,2011-06-21,3.00
2273,2011-06-22,3.00
2274,2011-06-23,3.00
2275,2011-06-24,3.00
2276,2011-06-25,3.00
2277,2011-06-26,3.00
2278,2011-06-27,3.00
2279,2011-06-28,3.00
2280,2011-06-29,3.00
2281,2011-06-30,3.00
2282,2011-07-01,3.00
2283,2011-07-02,3.00
2284,2011-07-03,3.00
2285,2011-07-04,3.00
2286,2011-07-05,3.00
2287,2011-07-06,3.00
2288,2011-07-07,3.00
2289,2011-07-08,3.00
2290,2011-07-09,3.00
2291,2011-07-10,3.00
2292,2011-07-11,3.00
2293,2011-07-12,3.00
2294,2011-07-13,3.00
2295,2011-07-14,3.00
2296,2011-07-15,3.00
2297,2011-07-16,3.00
2298,2011-07-17,3.00
2299,2011-07-18,3.00
2300,2011-07-19,3.00
2301,2011-07-20,3.00
2302,2011-07-21,3.00
2303,2011-07-22,3.00
2304,2011-07-23,3.00
2305,2011-07-24,3.00
2306,2011-07-25,3.00
2307,2011-07-26,3.00
2308,2011-07-27,3.00
2309,2011-07-28,3.00
2310,2011-07-29,3.00
2311,2011-07-30,3.00
2312,2011-07-31,3.00
2313,2011-08-01,3.00
2314,2011-08-02,3.00
2315,2011-08-03,3.00
2316,2011-08-04,3.00
2317,2011-08-05,3.00
2318,2011-08-06,3.00
2319,2011-08-07,3.00
2320,2011-08-08,3.00
2321,2011-08-09,3.00
2322,2011-08-10,3.00
2323,2011-08-11,3.00
2324,2011-08-12,3.00
2325,2011-08-13,3.00
2326,2011-08-14,3.00
2327,2011-08-15,3.00
2328,2011-08-16,3.00
2329,2011-08-17,3.00
2330,2011-08-18,3.00
2331,2011-08-19,3.00
2332,2011-08-20,3.00
2333,2011-08-21,3.00
2334,2011-08-22,3.00
2335,2011-08-23,3.00
2336,2011-08-24,3.00
2337,2011-08-25,3.00
2338,2011-08-26,3.00
2339,2011-08-27,3.00
2340,2011-08-28,3.00
2341,2011-08-29,3.00
2342,2011-08-30,3.00
2343,2011-08-31,3.00
2344,2011-09-01,3.00
2345,2011-09-02,3.00
2346,2011-09-03,3.00
2347,2011-09-04,3.00
2348,2011-09-05,3.00
2349,2011-09-06,3.00
2350,2011-09-07,3.00
2351,2011-09-08,3.00
2352,2011-09-09,3.00
2353,2011-09-10,3.00
2354,2011-09-11,3.00
2355,2011-09-12,3.00
2356,2011-09-13,3.00
2357,2011-09-14,3.00
2358,2011-09-15,3.00
2359,2011-09-16,3.00
2360,2011-09-17,3.00
2361,2011-09-18,3.00
2362,2011-09-19,3.00
2363,2011-09-20,3.00
2364,2011-09-21,3.00
2365,2011-09-22,3.00
2366,2011-09-23,3.00
2367,2011-09-24,3.00
2368,2011-09-25,3.00
2369,2011-09-26,3.00
2370,2011-09-27,3.00
2371,2011-09-28,3.00
2372,2011-09-29,3.00
2373,2011-09-30,3.00
2374,2011-10-01,3.00
2375,2011-10-02,3.00
2376,2011-10-03,3.00
2377,2011-10-04,3.00
2378,2011-10-05,3.00
2379,2011-10-06,3.00
2380,2011-10-07,3.00
2381,2011-10-08,3.00
2382,2011-10-09,3.00
2383,2011-10-10,3.00
2384,2011-10-11,3.00
2385,2011-10-12,3.00
2386,2011-10-13,3.00
2387,2011-10-14,3.00
2388,2011-10-15,3.00
2389,2011-10-16,3.00
2390,2011-10-17,3.00
2391,2011-10-18,3.00
2392,2011-10-19,3.00
2393,2011-10-20,3.00
2394,2011-10-21,3.00
2395,2011-10-22,3.00
2396,2011-10-23,3.00
2397,2011-10-24,3.00
2398,2011-10-25,3.00
2399,2011-10-26,3.00
2400,2011-10-27,3.00
2401,2011-10-28,3.00
2402,2011-10-29,3.00
2403,2011-10-30,3.00
2404,2011-10-31,3.00
2405,2011-11-01,3.00
2406,2011-11-02,3.00
2407,2011-11-03,3.00
2408,2011-11-04,3.00
2409,2011-11-05,3.00
2410,2011-11-06,3.00
2411,2011-11-07,3.00
2412,2011-11-08,3.00
2413,2011-11-09,3.00
2414,2011-11-10,3.00
2415,2011-11-11,3.00
2416,2011-11-12,3.00
2417,2011-11-13,3.00
2418,2011-11-14,3.00
2419,2011-11-15,3.00
2420,2011-11-16,3.00
2421,2011-11-17,3.00
2422,2011-11-18,3.00
2423,2011-11-19,3.00
2424,2011-11-20,3.00
2425,2011-11-21,3.00
2426,2011-11-22,3.00
2427,2011-11-23,3.00
2428,2011-11-24,3.00
2429,2011-11-25,3.00
2430,2011-11-26,3.00
2431,2011-11-27,3.00
2432,2011-11-28,3.00
2433,2011-11-29,3.00
2434,2011-11-30,3.00
2435,2011-12-01,3.00
2436,2011-12-02,3.00
2437,2011-12-03,3.00
2438,2011-12-04,3.00
2439,2011-12-05,3.00
2440,2011-12-06,3.00
2441,2011-12-07,3.00
2442,2011-12-08,3.00
2443,2011-12-09,3.00
2444,2011-12-10,3.00
2445,2011-12-11,3.00
2446,2011-12-12,3.00
2447,2011-12-13,3.00
2448,2011-12-14,3.00
2449,2011-12-15,3.00
2450,2011-12-16,3.00
2451,2011-12-17,3.00
2452,2011-12-18,3.00
2453,2011-12-19,3.00
2454,2011-12-20,3.00
2455,2011-12-21,3.00
2456,2011-12-22,3.00
2457,2011-12-23,3.00
2458,2011-12-24,3.00
2459,2011-12-25,3.00
2460,2011-12-26,3.00
2461,2011-12-27,3.00
2462,2011-12-28,3.00
2463,2011-12-29,3.00
2464,2011-12-30,3.00
2465,2011-12-31,3.00
2466,2012-01-01,3.00
2467,2012-01-02,3.00
2468,2012-01-03,3.00
2469,2012-01-04,3.00
2470,2012-01-05,3.00
2471,2012-01-06,3.00
2472,2012-01-07,3.00
2473,2012-01-08,3.00
2474,2012-01-09,3.00
2475,2012-01-10,3.00
2476,2012-01-11,3.00
2477,2012-01-12,3.00
2478,2012-01-13,3.00
2479,2012-01-14,3.00
2480,2012-01-15,3.00
2481,2012-01-16,3.00
2482,2012-01-17,3.00
2483,2012-01-18,3.00
2484,2012-01-19,3.00
2485,2012-01-20,3.00
2486,2012-01-21,3.00
2487,2012-01-22,3.00
2488,2012-01-23,3.00
2489,2012-01-24,3.00
2490,2012-01-25,3.00
2491,2012-01-26,3.00
2492,2012-01-27,3.00
2493,2012-01-28,3.00
2494,2012-01-29,3.00
2495,2012-01-30,3.00
2496,2012-01-31,3.00
2497,2012-02-01,3.00
2498,2012-02-02,3.00
2499,2012-02-03,3.00
2500,2012-02-04,3.00
2501,2012-02-05,3.00
2502,2012-02-06,3.00
2503,2012-02-07,3.00
2504,2012-02-08,3.00
2505,2012-02-09,3.00
2506,2012-02-10,3.00
2507,2012-02-11,3.00
2508,2012-02-12,3.00
2509,2012-02-13,3.00
2510,2012-02-14,3.00
2511,2012-02-15,3.00
2512,2012-02-16,3.00
2513,2012-02-17,3.00
2514,2012-02-18,3.00
2515,2012-02-19,3.00
2516,2012-02-20,3.00
2517,2012-02-21,3.00
2518,2012-02-22,3.00
2519,2012-02-23,3.00
2520,2012-02-24,3.00
2521,2012-02-25,3.00
2522,2012-02-26,3.00
2523,2012-02-27,3.00
2524,2012-02-28,3.00
2525,2012-02-29,3.00
2526,2012-03-01,3.00
2527,2012-03-02,3.00
2528,2012-03-03,3.00
2529,2012-03-04,3.00
2530,2012-03-05,3.00
2531,2012-03-06,3.00
2532,2012-03-07,3.00
2533,2012-03-08,3.00
2534,2012-03-09,3.00
2535,2012-03-10,3.00
2536,2012-03-11,3.00
2537,2012-03-12,3.00
2538,2012-03-13,3.00
2539,2012-03-14,3.00
2540,2012-03-15,3.00
2541,2012-03-16,3.00
2542,2012-03-17,3.00
2543,2012-03-18,3.00
2544,2012-03-19,3.00
2545,2012-03-20,3.00
2546,2012-03-21,3.00
2547,2012-03-22,3.00
2548,2012-03-23,3.00
2549,2012-03-24,3.00
2550,2012-03-25,3.00
2551,2012-03-26,3.00
2552,2012-03-27,3.00
2553,2012-03-28,3.00
2554,2012-03-29,3.00
2555,2012-03-30,3.00
2556,2012-03-31,3.00
2557,2012-04-01,3.00
2558,2012-04-02,3.00
2559,2012-04-03,3.00
2560,2012-04-04,3.00
2561,2012-04-05,3.00
2562,2012-04-06,3.00
2563,2012-04-07,3.00
2564,2012-04-08,3.00
2565,2012-04-09,3.00
2566,2012-04-10,3.00
2567,2012-04-11,3.00
2568,2012-04-12,3.00
2569,2012-04-13,3.00
2570,2012-04-14,3.00
2571,2012-04-15,3.00
2572,2012-04-16,3.00
2573,2012-04-17,3.00
2574,2012-04-18,3.00
2575,2012-04-19,3.00
2576,2012-04-20,3.00
2577,2012-04-21,3.00
2578,2012-04-22,3.00
2579,2012-04-23,3.00
2580,2012-04-24,3.00
2581,2012-04-25,3.00
2582,2012-04-26,3.00
2583,2012-04-27,3.00
2584,2012-04-28,3.00
2585,2012-04-29,3.00
2586,2012-04-30,3.00
2587,2012-05-01,3.00
2588,2012-05-02,3.00
2589,2012-05-03,3.00
2590,2012-05-04,3.00
2591,2012-05-05,3.00
2592,2012-05-06,3.00
2593,2012-05-07,3.00
2594,2012-05-08,3.00
2595,2012-05-09,3.00
2596,2012-05-10,3.00
2597,2012-05-11,3.00
2598,2012-05-12,3.00
2599,2012-05-13,3.00
2600,2012-05-14,3.00
2601,2012-05-15,3.00
2602,2012-05-16,3.00
2603,2012-05-17,3.00
2604,2012-05-18,3.00
2605,2012-05-19,3.00
2606,2012-05-20,3.00
2607,2012-05-21,3.00
2608,2012-05-22,3.00
2609,2012-05-23,3.00
2610,2012-05-24,3.00
2611,2012-05-25,3.00
2612,2012-05-26,3.00
2613,2012-05-27,3.00
2614,2012-05-28,3.00
2615,2012-05-29,3.00
2616,2012-05-30,3.00
2617,2012-05-31,3.00
2618,2012-06-01,3.00
2619,2012-06-02,3.00
2620,2012-06-03,3.00
2621,2012-06-04,3.00
2622,2012-06-05,3.00
2623,2012-06-06,3.00
2624,2012-06-07,3.00
2625,2012-06-08,3.00
2626,2012-06-09,3.00
2627,2012-06-10,3.00
2628,2012-06-11,3.00
2629,2012-06-12,3.00
2630,2012-06-13,3.00
2631,2012-06-14,3.00
2632,2012-06-15,3.00
2633,2012-06-16,3.00
2634,2012-06-17,3.00
2635,2012-06-18,3.00
2636,2012-06-19,3.00
2637,2012-06-20,3.00
2638,2012-06-21,3.00
2639,2012-06-22,3.00
2640,2012-06-23,3.00
2641,2012-06-24,3.00
2642,2012-06-25,3.00
2643,2012-06-26,3.00
2644,2012-06-27,3.00
2645,2012-06-28,3.00
2646,2012-06-29,3.00
2647,2012-06-30,3.00
2648,2012-07-01,3.00
2649,2012-07-02,3.00
2650,2012-07-03,3.00
2651,2012-07-04,3.00
2652,2012-07-05,3.00
2653,2012-07-06,3.00
2654,2012-07-07,3.00
2655,2012-07-08,3.00
2656,2012-07-09,3.00
2657,2012-07-10,3.00
2658,2012-07-11,3.00
2659,2012-07-12,3.00
2660,2012-07-13,2.75
2661,2012-07-14,2.75
2662,2012-07-15,2.75
2663,2012-07-16,2.75
2664,2012-07-17,2.75
2665,2012-07-18,2.75
2666,2012-07-19,2.75
2667,2012-07-20,2.75
2668,2012-07-21,2.75
2669,2012-07-22,2.75
2670,2012-07-23,2.75
2671,2012-07-24,2.75
2672,2012-07-25,2.75
2673,2012-07-26,2.75
2674,2012-07-27,2.75
2675,2012-07-28,2.75
2676,2012-07-29,2.75
2677,2012-07-30,2.75
2678,2012-07-31,2.75
2679,2012-08-01,2.75
2680,2012-08-02,2.75
2681,2012-08-03,2.75
2682,2012-08-04,2.75
2683,2012-08-05,2.75
2684,2012-08-06,2.75
2685,2012-08-07,2.75
2686,2012-08-08,2.75
2687,2012-08-09,2.75
2688,2012-08-10,2.75
2689,2012-08-11,2.75
2690,2012-08-12,2.75
2691,2012-08-13,2.75
2692,2012-08-14,2.75
2693,2012-08-15,2.75
2694,2012-08-16,2.75
2695,2012-08-17,2.75
2696,2012-08-18,2.75
2697,2012-08-19,2.75
2698,2012-08-20,2.75
2699,2012-08-21,2.75
2700,2012-08-22,2.75
2701,2012-08-23,2.75
2702,2012-08-24,2.75
2703,2012-08-25,2.75
2704,2012-08-26,2.75
2705,2012-08-27,2.75
2706,2012-08-28,2.75
2707,2012-08-29,2.75
2708,2012-08-30,2.75
2709,2012-08-31,2.75
2710,2012-09-01,2.75
2711,2012-09-02,2.75
2712,2012-09-03,2.75
2713,2012-09-04,2.75
2714,2012-09-05,2.75
2715,2012-09-06,2.75
2716,2012-09-07,2.75
2717,2012-09-08,2.75
2718,2012-09-09,2.75
2719,2012-09-10,2.75
2720,2012-09-11,2.75
2721,2012-09-12,2.75
2722,2012-09-13,2.75
2723,2012-09-14,2.75
2724,2012-09-15,2.75
2725,2012-09-16,2.75
2726,2012-09-17,2.75
2727,2012-09-18,2.75
2728,2012-09-19,2.75
2729,2012-09-20,2.75
2730,2012-09-21,2.75
2731,2012-09-22,2.75
2732,2012-09-23,2.75
2733,2012-09-24,2.75
2734,2012-09-25,2.75
2735,2012-09-26,2.75
2736,2012-09-27,2.75
2737,2012-09-28,2.75
2738,2012-09-29,2.75
2739,2012-09-30,2.75
2740,2012-10-01,2.75
2741,2012-10-02,2.75
2742,2012-10-03,2.75
2743,2012-10-04,2.75
2744,2012-10-05,2.75
2745,2012-10-06,2.75
2746,2012-10-07,2.75
2747,2012-10-08,2.75
2748,2012-10-09,2.75
2749,2012-10-10,2.75
2750,2012-10-11,2.75
2751,2012-10-12,2.50
2752,2012-10-13,2.50
2753,2012-10-14,2.50
2754,2012-10-15,2.50
2755,2012-10-16,2.50
2756,2012-10-17,2.50
2757,2012-10-18,2.50
2758,2012-10-19,2.50
2759,2012-10-20,2.50
2760,2012-10-21,2.50
2761,2012-10-22,2.50
2762,2012-10-23,2.50
2763,2012-10-24,2.50
2764,2012-10-25,2.50
2765,2012-10-26,2.50
2766,2012-10-27,2.50
2767,2012-10-28,2.50
2768,2012-10-29,2.50
2769,2012-10-30,2.50
2770,2012-10-31,2.50
2771,2012-11-01,2.50
2772,2012-11-02,2.50
2773,2012-11-03,2.50
2774,2012-11-04,2.50
2775,2012-11-05,2.50
2776,2012-11-06,2.50
2777,2012-11-07,2.50
2778,2012-11-08,2.50
2779,2012-11-09,2.50
2780,2012-11-10,2.50
2781,2012-11-11,2.50
2782,2012-11-12,2.50
2783,2012-11-13,2.50
2784,2012-11-14,2.50
2785,2012-11-15,2.50
2786,2012-11-16,2.50
2787,2012-11-17,2.50
2788,2012-11-18,2.50
2789,2012-11-19,2.50
2790,2012-11-20,2.50
2791,2012-11-21,2.50
2792,2012-11-22,2.50
2793,2012-11-23,2.50
2794,2012-11-24,2.50
2795,2012-11-25,2.50
2796,2012-11-26,2.50
2797,2012-11-27,2.50
2798,2012-11-28,2.50
2799,2012-11-29,2.50
2800,2012-11-30,2.50
2801,2012-12-01,2.50
2802,2012-12-02,2.50
2803,2012-12-03,2.50
2804,2012-12-04,2.50
2805,2012-12-05,2.50
2806,2012-12-06,2.50
2807,2012-12-07,2.50
2808,2012-12-08,2.50
2809,2012-12-09,2.50
2810,2012-12-10,2.50
2811,2012-12-11,2.50
2812,2012-12-12,2.50
2813,2012-12-13,2.50
2814,2012-12-14,2.50
2815,2012-12-15,2.50
2816,2012-12-16,2.50
2817,2012-12-17,2.50
2818,2012-12-18,2.50
2819,2012-12-19,2.50
2820,2012-12-20,2.50
2821,2012-12-21,2.50
2822,2012-12-22,2.50
2823,2012-12-23,2.50
2824,2012-12-24,2.50
2825,2012-12-25,2.50
2826,2012-12-26,2.50
2827,2012-12-27,2.50
2828,2012-12-28,2.50
2829,2012-12-29,2.50
2830,2012-12-30,2.50
2831,2012-12-31,2.50
2832,2013-01-01,2.50
2833,2013-01-02,2.50
2834,2013-01-03,2.50
2835,2013-01-04,2.50
2836,2013-01-05,2.50
2837,2013-01-06,2.50
2838,2013-01-07,2.50
2839,2013-01-08,2.50
2840,2013-01-09,2.50
2841,2013-01-10,2.50
2842,2013-01-11,2.50
2843,2013-01-12,2.50
2844,2013-01-13,2.50
2845,2013-01-14,2.50
2846,2013-01-15,2.50
2847,2013-01-16,2.50
2848,2013-01-17,2.50
2849,2013-01-18,2.50
2850,2013-01-19,2.50
2851,2013-01-20,2.50
2852,2013-01-21,2.50
2853,2013-01-22,2.50
2854,2013-01-23,2.50
2855,2013-01-24,2.50
2856,2013-01-25,2.50
2857,2013-01-26,2.50
2858,2013-01-27,2.50
2859,2013-01-28,2.50
2860,2013-01-29,2.50
2861,2013-01-30,2.50
2862,2013-01-31,2.50
2863,2013-02-01,2.50
2864,2013-02-02,2.50
2865,2013-02-03,2.50
2866,2013-02-04,2.50
2867,2013-02-05,2.50
2868,2013-02-06,2.50
2869,2013-02-07,2.50
2870,2013-02-08,2.50
2871,2013-02-09,2.50
2872,2013-02-10,2.50
2873,2013-02-11,2.50
2874,2013-02-12,2.50
2875,2013-02-13,2.50
2876,2013-02-14,2.50
2877,2013-02-15,2.50
2878,2013-02-16,2.50
2879,2013-02-17,2.50
2880,2013-02-18,2.50
2881,2013-02-19,2.50
2882,2013-02-20,2.50
2883,2013-02-21,2.50
2884,2013-02-22,2.50
2885,2013-02-23,2.50
2886,2013-02-24,2.50
2887,2013-02-25,2.50
2888,2013-02-26,2.50
2889,2013-02-27,2.50
2890,2013-02-28,2.50
2891,2013-03-01,2.50
2892,2013-03-02,2.50
2893,2013-03-03,2.50
2894,2013-03-04,2.50
2895,2013-03-05,2.50
2896,2013-03-06,2.50
2897,2013-03-07,2.50
2898,2013-03-08,2.50
2899,2013-03-09,2.50
2900,2013-03-10,2.50
2901,2013-03-11,2.50
2902,2013-03-12,2.50
2903,2013-03-13,2.50
2904,2013-03-14,2.50
2905,2013-03-15,2.50
2906,2013-03-16,2.50
2907,2013-03-17,2.50
2908,2013-03-18,2.50
2909,2013-03-19,2.50
2910,2013-03-20,2.50
2911,2013-03-21,2.50
2912,2013-03-22,2.50
2913,2013-03-23,2.50
2914,2013-03-24,2.50
2915,2013-03-25,2.50
2916,2013-03-26,2.50
2917,2013-03-27,2.50
2918,2013-03-28,2.50
2919,2013-03-29,2.50
2920,2013-03-30,2.50
2921,2013-03-31,2.50
2922,2013-04-01,2.50
2923,2013-04-02,2.50
2924,2013-04-03,2.50
2925,2013-04-04,2.50
2926,2013-04-05,2.50
2927,2013-04-06,2.50
2928,2013-04-07,2.50
2929,2013-04-08,2.50
2930,2013-04-09,2.50
2931,2013-04-10,2.50
2932,2013-04-11,2.50
2933,2013-04-12,2.50
2934,2013-04-13,2.50
2935,2013-04-14,2.50
2936,2013-04-15,2.50
2937,2013-04-16,2.50
2938,2013-04-17,2.50
2939,2013-04-18,2.50
2940,2013-04-19,2.50
2941,2013-04-20,2.50
2942,2013-04-21,2.50
2943,2013-04-22,2.50
2944,2013-04-23,2.50
2945,2013-04-24,2.50
2946,2013-04-25,2.50
2947,2013-04-26,2.50
2948,2013-04-27,2.50
2949,2013-04-28,2.50
2950,2013-04-29,2.50
2951,2013-04-30,2.50
2952,2013-05-01,2.50
2953,2013-05-02,2.50
2954,2013-05-03,2.50
2955,2013-05-04,2.50
2956,2013-05-05,2.50
2957,2013-05-06,2.50
2958,2013-05-07,2.50
2959,2013-05-08,2.50
2960,2013-05-09,2.50
2961,2013-05-10,2.25
2962,2013-05-11,2.25
2963,2013-05-12,2.25
2964,2013-05-13,2.25
2965,2013-05-14,2.25
2966,2013-05-15,2.25
2967,2013-05-16,2.25
2968,2013-05-17,2.25
2969,2013-05-18,2.25
2970,2013-05-19,2.25
2971,2013-05-20,2.25
2972,2013-05-21,2.25
2973,2013-05-22,2.25
2974,2013-05-23,2.25
2975,2013-05-24,2.25
2976,2013-05-25,2.25
2977,2013-05-26,2.25
2978,2013-05-27,2.25
2979,2013-05-28,2.25
2980,2013-05-29,2.25
2981,2013-05-30,2.25
2982,2013-05-31,2.25
2983,2013-06-01,2.25
2984,2013-06-02,2.25
2985,2013-06-03,2.25
2986,2013-06-04,2.25
2987,2013-06-05,2.25
2988,2013-06-06,2.25
2989,2013-06-07,2.25
2990,2013-06-08,2.25
2991,2013-06-09,2.25
2992,2013-06-10,2.25
2993,2013-06-11,2.25
2994,2013-06-12,2.25
2995,2013-06-13,2.25
2996,2013-06-14,2.25
2997,2013-06-15,2.25
2998,2013-06-16,2.25
2999,2013-06-17,2.25
3000,2013-06-18,2.25
3001,2013-06-19,2.25
3002,2013-06-20,2.25
3003,2013-06-21,2.25
3004,2013-06-22,2.25
3005,2013-06-23,2.25
3006,2013-06-24,2.25
3007,2013-06-25,2.25
3008,2013-06-26,2.25
3009,2013-06-27,2.25
3010,2013-06-28,2.25
3011,2013-06-29,2.25
3012,2013-06-30,2.25
3013,2013-07-01,2.25
3014,2013-07-02,2.25
3015,2013-07-03,2.25
3016,2013-07-04,2.25
3017,2013-07-05,2.25
3018,2013-07-06,2.25
3019,2013-07-07,2.25
3020,2013-07-08,2.25
3021,2013-07-09,2.25
3022,2013-07-10,2.25
3023,2013-07-11,2.25
3024,2013-07-12,2.25
3025,2013-07-13,2.25
3026,2013-07-14,2.25
3027,2013-07-15,2.25
3028,2013-07-16,2.25
3029,2013-07-17,2.25
3030,2013-07-18,2.25
3031,2013-07-19,2.25
3032,2013-07-20,2.25
3033,2013-07-21,2.25
3034,2013-07-22,2.25
3035,2013-07-23,2.25
3036,2013-07-24,2.25
3037,2013-07-25,2.25
3038,2013-07-26,2.25
3039,2013-07-27,2.25
3040,2013-07-28,2.25
3041,2013-07-29,2.25
3042,2013-07-30,2.25
3043,2013-07-31,2.25
3044,2013-08-01,2.25
3045,2013-08-02,2.25
3046,2013-08-03,2.25
3047,2013-08-04,2.25
3048,2013-08-05,2.25
3049,2013-08-06,2.25
3050,2013-08-07,2.25
3051,2013-08-08,2.25
3052,2013-08-09,2.25
3053,2013-08-10,2.25
3054,2013-08-11,2.25
3055,2013-08-12,2.25
3056,2013-08-13,2.25
3057,2013-08-14,2.25
3058,2013-08-15,2.25
3059,2013-08-16,2.25
3060,2013-08-17,2.25
3061,2013-08-18,2.25
3062,2013-08-19,2.25
3063,2013-08-20,2.25
3064,2013-08-21,2.25
3065,2013-08-22,2.25
3066,2013-08-23,2.25
3067,2013-08-24,2.25
3068,2013-08-25,2.25
3069,2013-08-26,2.25
3070,2013-08-27,2.25
3071,2013-08-28,2.25
3072,2013-08-29,2.25
3073,2013-08-30,2.25
3074,2013-08-31,2.25
3075,2013-09-01,2.25
3076,2013-09-02,2.25
3077,2013-09-03,2.25
3078,2013-09-04,2.25
3079,2013-09-05,2.25
3080,2013-09-06,2.25
3081,2013-09-07,2.25
3082,2013-09-08,2.25
3083,2013-09-09,2.25
3084,2013-09-10,2.25
3085,2013-09-11,2.25
3086,2013-09-12,2.25
3087,2013-09-13,2.25
3088,2013-09-14,2.25
3089,2013-09-15,2.25
3090,2013-09-16,2.25
3091,2013-09-17,2.25
3092,2013-09-18,2.25
3093,2013-09-19,2.25
3094,2013-09-20,2.25
3095,2013-09-21,2.25
3096,2013-09-22,2.25
3097,2013-09-23,2.25
3098,2013-09-24,2.25
3099,2013-09-25,2.25
3100,2013-09-26,2.25
3101,2013-09-27,2.25
3102,2013-09-28,2.25
3103,2013-09-29,2.25
3104,2013-09-30,2.25
3105,2013-10-01,2.25
3106,2013-10-02,2.25
3107,2013-10-03,2.25
3108,2013-10-04,2.25
3109,2013-10-05,2.25
3110,2013-10-06,2.25
3111,2013-10-07,2.25
3112,2013-10-08,2.25
3113,2013-10-09,2.25
3114,2013-10-10,2.25
3115,2013-10-11,2.25
3116,2013-10-12,2.25
3117,2013-10-13,2.25
3118,2013-10-14,2.25
3119,2013-10-15,2.25
3120,2013-10-16,2.25
3121,2013-10-17,2.25
3122,2013-10-18,2.25
3123,2013-10-19,2.25
3124,2013-10-20,2.25
3125,2013-10-21,2.25
3126,2013-10-22,2.25
3127,2013-10-23,2.25
3128,2013-10-24,2.25
3129,2013-10-25,2.25
3130,2013-10-26,2.25
3131,2013-10-27,2.25
3132,2013-10-28,2.25
3133,2013-10-29,2.25
3134,2013-10-30,2.25
3135,2013-10-31,2.25
3136,2013-11-01,2.25
3137,2013-11-02,2.25
3138,2013-11-03,2.25
3139,2013-11-04,2.25
3140,2013-11-05,2.25
3141,2013-11-06,2.25
3142,2013-11-07,2.25
3143,2013-11-08,2.25
3144,2013-11-09,2.25
3145,2013-11-10,2.25
3146,2013-11-11,2.25
3147,2013-11-12,2.25
3148,2013-11-13,2.25
3149,2013-11-14,2.25
3150,2013-11-15,2.25
3151,2013-11-16,2.25
3152,2013-11-17,2.25
3153,2013-11-18,2.25
3154,2013-11-19,2.25
3155,2013-11-20,2.25
3156,2013-11-21,2.25
3157,2013-11-22,2.25
3158,2013-11-23,2.25
3159,2013-11-24,2.25
3160,2013-11-25,2.25
3161,2013-11-26,2.25
3162,2013-11-27,2.25
3163,2013-11-28,2.25
3164,2013-11-29,2.25
3165,2013-11-30,2.25
3166,2013-12-01,2.25
3167,2013-12-02,2.25
3168,2013-12-03,2.25
3169,2013-12-04,2.25
3170,2013-12-05,2.25
3171,2013-12-06,2.25
3172,2013-12-07,2.25
3173,2013-12-08,2.25
3174,2013-12-09,2.25
3175,2013-12-10,2.25
3176,2013-12-11,2.25
3177,2013-12-12,2.25
3178,2013-12-13,2.25
3179,2013-12-14,2.25
3180,2013-12-15,2.25
3181,2013-12-16,2.25
3182,2013-12-17,2.25
3183,2013-12-18,2.25
3184,2013-12-19,2.25
3185,2013-12-20,2.25
3186,2013-12-21,2.25
3187,2013-12-22,2.25
3188,2013-12-23,2.25
3189,2013-12-24,2.25
3190,2013-12-25,2.25
3191,2013-12-26,2.25
3192,2013-12-27,2.25
3193,2013-12-28,2.25
3194,2013-12-29,2.25
3195,2013-12-30,2.25
3196,2013-12-31,2.25
3197,2014-01-01,2.25
3198,2014-01-02,2.25
3199,2014-01-03,2.25
3200,2014-01-04,2.25
3201,2014-01-05,2.25
3202,2014-01-06,2.25
3203,2014-01-07,2.25
3204,2014-01-08,2.25
3205,2014-01-09,2.25
3206,2014-01-10,2.25
3207,2014-01-11,2.25
3208,2014-01-12,2.25
3209,2014-01-13,2.25
3210,2014-01-14,2.25
3211,2014-01-15,2.25
3212,2014-01-16,2.25
3213,2014-01-17,2.25
3214,2014-01-18,2.25
3215,2014-01-19,2.25
3216,2014-01-20,2.25
3217,2014-01-21,2.25
3218,2014-01-22,2.25
3219,2014-01-23,2.25
3220,2014-01-24,2.25
3221,2014-01-25,2.25
3222,2014-01-26,2.25
3223,2014-01-27,2.25
3224,2014-01-28,2.25
3225,2014-01-29,2.25
3226,2014-01-30,2.25
3227,2014-01-31,2.25
3228,2014-02-01,2.25
3229,2014-02-02,2.25
3230,2014-02-03,2.25
3231,2014-02-04,2.25
3232,2014-02-05,2.25
3233,2014-02-06,2.25
3234,2014-02-07,2.25
3235,2014-02-08,2.25
3236,2014-02-09,2.25
3237,2014-02-10,2.25
3238,2014-02-11,2.25
3239,2014-02-12,2.25
3240,2014-02-13,2.25
3241,2014-02-14,2.25
3242,2014-02-15,2.25
3243,2014-02-16,2.25
3244,2014-02-17,2.25
3245,2014-02-18,2.25
3246,2014-02-19,2.25
3247,2014-02-20,2.25
3248,2014-02-21,2.25
3249,2014-02-22,2.25
3250,2014-02-23,2.25
3251,2014-02-24,2.25
3252,2014-02-25,2.25
3253,2014-02-26,2.25
3254,2014-02-27,2.25
3255,2014-02-28,2.25
3256,2014-03-01,2.25
3257,2014-03-02,2.25
3258,2014-03-03,2.25
3259,2014-03-04,2.25
3260,2014-03-05,2.25
3261,2014-03-06,2.25
3262,2014-03-07,2.25
3263,2014-03-08,2.25
3264,2014-03-09,2.25
3265,2014-03-10,2.25
3266,2014-03-11,2.25
3267,2014-03-12,2.25
3268,2014-03-13,2.25
3269,2014-03-14,2.25
3270,2014-03-15,2.25
3271,2014-03-16,2.25
3272,2014-03-17,2.25
3273,2014-03-18,2.25
3274,2014-03-19,2.25
3275,2014-03-20,2.25
3276,2014-03-21,2.25
3277,2014-03-22,2.25
3278,2014-03-23,2.25
3279,2014-03-24,2.25
3280,2014-03-25,2.25
3281,2014-03-26,2.25
3282,2014-03-27,2.25
3283,2014-03-28,2.25
3284,2014-03-29,2.25
3285,2014-03-30,2.25
3286,2014-03-31,2.25
3287,2014-04-01,2.25
3288,2014-04-02,2.25
3289,2014-04-03,2.25
3290,2014-04-04,2.25
3291,2014-04-05,2.25
3292,2014-04-06,2.25
3293,2014-04-07,2.25
3294,2014-04-08,2.25
3295,2014-04-09,2.25
3296,2014-04-10,2.25
3297,2014-04-11,2.25
3298,2014-04-12,2.25
3299,2014-04-13,2.25
3300,2014-04-14,2.25
3301,2014-04-15,2.25
3302,2014-04-16,2.25
3303,2014-04-17,2.25
3304,2014-04-18,2.25
3305,2014-04-19,2.25
3306,2014-04-20,2.25
3307,2014-04-21,2.25
3308,2014-04-22,2.25
3309,2014-04-23,2.25
3310,2014-04-24,2.25
3311,2014-04-25,2.25
3312,2014-04-26,2.25
3313,2014-04-27,2.25
3314,2014-04-28,2.25
3315,2014-04-29,2.25
3316,2014-04-30,2.25
3317,2014-05-01,2.25
3318,2014-05-02,2.25
3319,2014-05-03,2.25
3320,2014-05-04,2.25
3321,2014-05-05,2.25
3322,2014-05-06,2.25
3323,2014-05-07,2.25
3324,2014-05-08,2.25
3325,2014-05-09,2.25
3326,2014-05-10,2.25
3327,2014-05-11,2.25
3328,2014-05-12,2.25
3329,2014-05-13,2.25
3330,2014-05-14,2.25
3331,2014-05-15,2.25
3332,2014-05-16,2.25
3333,2014-05-17,2.25
3334,2014-05-18,2.25
3335,2014-05-19,2.25
3336,2014-05-20,2.25
3337,2014-05-21,2.25
3338,2014-05-22,2.25
3339,2014-05-23,2.25
3340,2014-05-24,2.25
3341,2014-05-25,2.25
3342,2014-05-26,2.25
3343,2014-05-27,2.25
3344,2014-05-28,2.25
3345,2014-05-29,2.25
3346,2014-05-30,2.25
3347,2014-05-31,2.25
3348,2014-06-01,2.25
3349,2014-06-02,2.25
3350,2014-06-03,2.25
3351,2014-06-04,2.25
3352,2014-06-05,2.25
3353,2014-06-06,2.25
3354,2014-06-07,2.25
3355,2014-06-08,2.25
3356,2014-06-09,2.25
3357,2014-06-10,2.25
3358,2014-06-11,2.25
3359,2014-06-12,2.25
3360,2014-06-13,2.25
3361,2014-06-14,2.25
3362,2014-06-15,2.25
3363,2014-06-16,2.25
3364,2014-06-17,2.25
3365,2014-06-18,2.25
3366,2014-06-19,2.25
3367,2014-06-20,2.25
3368,2014-06-21,2.25
3369,2014-06-22,2.25
3370,2014-06-23,2.25
3371,2014-06-24,2.25
3372,2014-06-25,2.25
3373,2014-06-26,2.25
3374,2014-06-27,2.25
3375,2014-06-28,2.25
3376,2014-06-29,2.25
3377,2014-06-30,2.25
3378,2014-07-01,2.25
3379,2014-07-02,2.25
3380,2014-07-03,2.25
3381,2014-07-04,2.25
3382,2014-07-05,2.25
3383,2014-07-06,2.25
3384,2014-07-07,2.25
3385,2014-07-08,2.25
3386,2014-07-09,2.25
3387,2014-07-10,2.25
3388,2014-07-11,2.25
3389,2014-07-12,2.25
3390,2014-07-13,2.25
3391,2014-07-14,2.25
3392,2014-07-15,2.25
3393,2014-07-16,2.25
3394,2014-07-17,2.25
3395,2014-07-18,2.25
3396,2014-07-19,2.25
3397,2014-07-20,2.25
3398,2014-07-21,2.25
3399,2014-07-22,2.25
3400,2014-07-23,2.25
3401,2014-07-24,2.25
3402,2014-07-25,2.25
3403,2014-07-26,2.25
3404,2014-07-27,2.25
3405,2014-07-28,2.25
3406,2014-07-29,2.25
3407,2014-07-30,2.25
3408,2014-07-31,2.25
3409,2014-08-01,2.25
3410,2014-08-02,2.25
3411,2014-08-03,2.25
3412,2014-08-04,2.25
3413,2014-08-05,2.25
3414,2014-08-06,2.25
3415,2014-08-07,2.25
3416,2014-08-08,2.25
3417,2014-08-09,2.25
3418,2014-08-10,2.25
3419,2014-08-11,2.25
3420,2014-08-12,2.25
3421,2014-08-13,2.25
3422,2014-08-14,2.25
3423,2014-08-15,2.00
3424,2014-08-16,2.00
3425,2014-08-17,2.00
3426,2014-08-18,2.00
3427,2014-08-19,2.00
3428,2014-08-20,2.00
3429,2014-08-21,2.00
3430,2014-08-22,2.00
3431,2014-08-23,2.00
3432,2014-08-24,2.00
3433,2014-08-25,2.00
3434,2014-08-26,2.00
3435,2014-08-27,2.00
3436,2014-08-28,2.00
3437,2014-08-29,2.00
3438,2014-08-30,2.00
3439,2014-08-31,2.00
3440,2014-09-01,2.00
3441,2014-09-02,2.00
3442,2014-09-03,2.00
3443,2014-09-04,2.00
3444,2014-09-05,2.00
3445,2014-09-06,2.00
3446,2014-09-07,2.00
3447,2014-09-08,2.00
3448,2014-09-09,2.00
3449,2014-09-10,2.00
3450,2014-09-11,2.00
3451,2014-09-12,2.00
3452,2014-09-13,2.00
3453,2014-09-14,2.00
3454,2014-09-15,2.00
3455,2014-09-16,2.00
3456,2014-09-17,2.00
3457,2014-09-18,2.00
3458,2014-09-19,2.00
3459,2014-09-20,2.00
3460,2014-09-21,2.00
3461,2014-09-22,2.00
3462,2014-09-23,2.00
3463,2014-09-24,2.00
3464,2014-09-25,2.00
3465,2014-09-26,2.00
3466,2014-09-27,2.00
3467,2014-09-28,2.00
3468,2014-09-29,2.00
3469,2014-09-30,2.00
3470,2014-10-01,2.00
3471,2014-10-02,2.00
3472,2014-10-03,2.00
3473,2014-10-04,2.00
3474,2014-10-05,2.00
3475,2014-10-06,2.00
3476,2014-10-07,2.00
3477,2014-10-08,2.00
3478,2014-10-09,2.00
3479,2014-10-10,2.00
3480,2014-10-11,2.00
3481,2014-10-12,2.00
3482,2014-10-13,2.00
3483,2014-10-14,2.00
3484,2014-10-15,2.00
3485,2014-10-16,1.75
3486,2014-10-17,1.75
3487,2014-10-18,1.75
3488,2014-10-19,1.75
3489,2014-10-20,1.75
3490,2014-10-21,1.75
3491,2014-10-22,1.75
3492,2014-10-23,1.75
3493,2014-10-24,1.75
3494,2014-10-25,1.75
3495,2014-10-26,1.75
3496,2014-10-27,1.75
3497,2014-10-28,1.75
3498,2014-10-29,1.75
3499,2014-10-30,1.75
3500,2014-10-31,1.75
3501,2014-11-01,1.75
3502,2014-11-02,1.75
3503,2014-11-03,1.75
3504,2014-11-04,1.75
3505,2014-11-05,1.75
3506,2014-11-06,1.75
3507,2014-11-07,1.75
3508,2014-11-08,1.75
3509,2014-11-09,1.75
3510,2014-11-10,1.75
3511,2014-11-11,1.75
3512,2014-11-12,1.75
3513,2014-11-13,1.75
3514,2014-11-14,1.75
3515,2014-11-15,1.75
3516,2014-11-16,1.75
3517,2014-11-17,1.75
3518,2014-11-18,1.75
3519,2014-11-19,1.75
3520,2014-11-20,1.75
3521,2014-11-21,1.75
3522,2014-11-22,1.75
3523,2014-11-23,1.75
3524,2014-11-24,1.75
3525,2014-11-25,1.75
3526,2014-11-26,1.75
3527,2014-11-27,1.75
3528,2014-11-28,1.75
3529,2014-11-29,1.75
3530,2014-11-30,1.75
3531,2014-12-01,1.75
3532,2014-12-02,1.75
3533,2014-12-03,1.75
3534,2014-12-04,1.75
3535,2014-12-05,1.75
3536,2014-12-06,1.75
3537,2014-12-07,1.75
3538,2014-12-08,1.75
3539,2014-12-09,1.75
3540,2014-12-10,1.75
3541,2014-12-11,1.75
3542,2014-12-12,1.75
3543,2014-12-13,1.75
3544,2014-12-14,1.75
3545,2014-12-15,1.75
3546,2014-12-16,1.75
3547,2014-12-17,1.75
3548,2014-12-18,1.75
3549,2014-12-19,1.75
3550,2014-12-20,1.75
3551,2014-12-21,1.75
3552,2014-12-22,1.75
3553,2014-12-23,1.75
3554,2014-12-24,1.75
3555,2014-12-25,1.75
3556,2014-12-26,1.75
3557,2014-12-27,1.75
3558,2014-12-28,1.75
3559,2014-12-29,1.75
3560,2014-12-30,1.75
3561,2014-12-31,1.75
3562,2015-01-01,1.75
3563,2015-01-02,1.75
3564,2015-01-03,1.75
3565,2015-01-04,1.75
3566,2015-01-05,1.75
3567,2015-01-06,1.75
3568,2015-01-07,1.75
3569,2015-01-08,1.75
3570,2015-01-09,1.75
3571,2015-01-10,1.75
3572,2015-01-11,1.75
3573,2015-01-12,1.75
3574,2015-01-13,1.75
3575,2015-01-14,1.75
3576,2015-01-15,1.75
3577,2015-01-16,1.75
3578,2015-01-17,1.75
3579,2015-01-18,1.75
3580,2015-01-19,1.75
3581,2015-01-20,1.75
3582,2015-01-21,1.75
3583,2015-01-22,1.75
3584,2015-01-23,1.75
3585,2015-01-24,1.75
3586,2015-01-25,1.75
3587,2015-01-26,1.75
3588,2015-01-27,1.75
3589,2015-01-28,1.75
3590,2015-01-29,1.75
3591,2015-01-30,1.75
3592,2015-01-31,1.75
3593,2015-02-01,1.75
3594,2015-02-02,1.75
3595,2015-02-03,1.75
3596,2015-02-04,1.75
3597,2015-02-05,1.75
3598,2015-02-06,1.75
3599,2015-02-07,1.75
3600,2015-02-08,1.75
3601,2015-02-09,1.75
3602,2015-02-10,1.75
3603,2015-02-11,1.75
3604,2015-02-12,1.75
3605,2015-02-13,1.75
3606,2015-02-14,1.75
3607,2015-02-15,1.75
3608,2015-02-16,1.75
3609,2015-02-17,1.75
3610,2015-02-18,1.75
3611,2015-02-19,1.75
3612,2015-02-20,1.75
3613,2015-02-21,1.75
3614,2015-02-22,1.75
3615,2015-02-23,1.75
3616,2015-02-24,1.75
3617,2015-02-25,1.75
3618,2015-02-26,1.75
3619,2015-02-27,1.75
3620,2015-02-28,1.75
3621,2015-03-01,1.75
3622,2015-03-02,1.75
3623,2015-03-03,1.75
3624,2015-03-04,1.75
3625,2015-03-05,1.75
3626,2015-03-06,1.75
3627,2015-03-07,1.75
3628,2015-03-08,1.75
3629,2015-03-09,1.75
3630,2015-03-10,1.75
3631,2015-03-11,1.75
3632,2015-03-12,1.75
3633,2015-03-13,1.50
3634,2015-03-14,1.50
3635,2015-03-15,1.50
3636,2015-03-16,1.50
3637,2015-03-17,1.50
3638,2015-03-18,1.50
3639,2015-03-19,1.50
3640,2015-03-20,1.50
3641,2015-03-21,1.50
3642,2015-03-22,1.50
3643,2015-03-23,1.50
3644,2015-03-24,1.50
3645,2015-03-25,1.50
3646,2015-03-26,1.50
3647,2015-03-27,1.50
3648,2015-03-28,1.50
3649,2015-03-29,1.50
3650,2015-03-30,1.50
3651,2015-03-31,1.50
3652,2015-04-01,1.50
3653,2015-04-02,1.50
3654,2015-04-03,1.50
3655,2015-04-04,1.50
3656,2015-04-05,1.50
3657,2015-04-06,1.50
3658,2015-04-07,1.50
3659,2015-04-08,1.50
3660,2015-04-09,1.50
3661,2015-04-10,1.50
3662,2015-04-11,1.50
3663,2015-04-12,1.50
3664,2015-04-13,1.50
3665,2015-04-14,1.50
3666,2015-04-15,1.50
3667,2015-04-16,1.50
3668,2015-04-17,1.50
3669,2015-04-18,1.50
3670,2015-04-19,1.50
3671,2015-04-20,1.50
3672,2015-04-21,1.50
3673,2015-04-22,1.50
3674,2015-04-23,1.50
3675,2015-04-24,1.50
3676,2015-04-25,1.50
3677,2015-04-26,1.50
3678,2015-04-27,1.50
3679,2015-04-28,1.50
3680,2015-04-29,1.50
3681,2015-04-30,1.50
3682,2015-05-01,1.50
3683,2015-05-02,1.50
3684,2015-05-03,1.50
3685,2015-05-04,1.50
3686,2015-05-05,1.50
3687,2015-05-06,1.50
3688,2015-05-07,1.50
3689,2015-05-08,1.50
3690,2015-05-09,1.50
3691,2015-05-10,1.50
3692,2015-05-11,1.50
3693,2015-05-12,1.50
3694,2015-05-13,1.50
3695,2015-05-14,1.50
3696,2015-05-15,1.50
3697,2015-05-16,1.50
3698,2015-05-17,1.50
3699,2015-05-18,1.50
3700,2015-05-19,1.50
3701,2015-05-20,1.50
3702,2015-05-21,1.50
3703,2015-05-22,1.50
3704,2015-05-23,1.50
3705,2015-05-24,1.50
3706,2015-05-25,1.50
3707,2015-05-26,1.50
3708,2015-05-27,1.50
3709,2015-05-28,1.50
3710,2015-05-29,1.50
3711,2015-05-30,1.50
3712,2015-05-31,1.50
3713,2015-06-01,1.50
3714,2015-06-02,1.50
3715,2015-06-03,1.50
3716,2015-06-04,1.50
3717,2015-06-05,1.50
3718,2015-06-06,1.50
3719,2015-06-07,1.50
3720,2015-06-08,1.50
3721,2015-06-09,1.50
3722,2015-06-10,1.50
3723,2015-06-11,1.50
3724,2015-06-12,1.25
3725,2015-06-13,1.25
3726,2015-06-14,1.25
3727,2015-06-15,1.25
3728,2015-06-16,1.25
3729,2015-06-17,1.25
3730,2015-06-18,1.25
3731,2015-06-19,1.25
3732,2015-06-20,1.25
3733,2015-06-21,1.25
3734,2015-06-22,1.25
3735,2015-06-23,1.25
3736,2015-06-24,1.25
3737,2015-06-25,1.25
3738,2015-06-26,1.25
3739,2015-06-27,1.25
3740,2015-06-28,1.25
3741,2015-06-29,1.25
3742,2015-06-30,1.25
3743,2015-07-01,1.25
3744,2015-07-02,1.25
3745,2015-07-03,1.25
3746,2015-07-04,1.25
3747,2015-07-05,1.25
3748,2015-07-06,1.25
3749,2015-07-07,1.25
3750,2015-07-08,1.25
3751,2015-07-09,1.25
3752,2015-07-10,1.25
3753,2015-07-11,1.25
3754,2015-07-12,1.25
3755,2015-07-13,1.25
3756,2015-07-14,1.25
3757,2015-07-15,1.25
3758,2015-07-16,1.25
3759,2015-07-17,1.25
3760,2015-07-18,1.25
3761,2015-07-19,1.25
3762,2015-07-20,1.25
3763,2015-07-21,1.25
3764,2015-07-22,1.25
3765,2015-07-23,1.25
3766,2015-07-24,1.25
3767,2015-07-25,1.25
3768,2015-07-26,1.25
3769,2015-07-27,1.25
3770,2015-07-28,1.25
3771,2015-07-29,1.25
3772,2015-07-30,1.25
3773,2015-07-31,1.25
3774,2015-08-01,1.25
3775,2015-08-02,1.25
3776,2015-08-03,1.25
3777,2015-08-04,1.25
3778,2015-08-05,1.25
3779,2015-08-06,1.25
3780,2015-08-07,1.25
3781,2015-08-08,1.25
3782,2015-08-09,1.25
3783,2015-08-10,1.25
3784,2015-08-11,1.25
3785,2015-08-12,1.25
3786,2015-08-13,1.25
3787,2015-08-14,1.25
3788,2015-08-15,1.25
3789,2015-08-16,1.25
3790,2015-08-17,1.25
3791,2015-08-18,1.25
3792,2015-08-19,1.25
3793,2015-08-20,1.25
3794,2015-08-21,1.25
3795,2015-08-22,1.25
3796,2015-08-23,1.25
3797,2015-08-24,1.25
3798,2015-08-25,1.25
3799,2015-08-26,1.25
3800,2015-08-27,1.25
3801,2015-08-28,1.25
3802,2015-08-29,1.25
3803,2015-08-30,1.25
3804,2015-08-31,1.25
3805,2015-09-01,1.25
3806,2015-09-02,1.25
3807,2015-09-03,1.25
3808,2015-09-04,1.25
3809,2015-09-05,1.25
3810,2015-09-06,1.25
3811,2015-09-07,1.25
3812,2015-09-08,1.25
3813,2015-09-09,1.25
3814,2015-09-10,1.25
3815,2015-09-11,1.25
3816,2015-09-12,1.25
3817,2015-09-13,1.25
3818,2015-09-14,1.25
3819,2015-09-15,1.25
3820,2015-09-16,1.25
3821,2015-09-17,1.25
3822,2015-09-18,1.25
3823,2015-09-19,1.25
3824,2015-09-20,1.25
3825,2015-09-21,1.25
3826,2015-09-22,1.25
3827,2015-09-23,1.25
3828,2015-09-24,1.25
3829,2015-09-25,1.25
3830,2015-09-26,1.25
3831,2015-09-27,1.25
3832,2015-09-28,1.25
3833,2015-09-29,1.25
3834,2015-09-30,1.25
3835,2015-10-01,1.25
3836,2015-10-02,1.25
3837,2015-10-03,1.25
3838,2015-10-04,1.25
3839,2015-10-05,1.25
3840,2015-10-06,1.25
3841,2015-10-07,1.25
3842,2015-10-08,1.25
3843,2015-10-09,1.25
3844,2015-10-10,1.25
3845,2015-10-11,1.25
3846,2015-10-12,1.25
3847,2015-10-13,1.25
3848,2015-10-14,1.25
3849,2015-10-15,1.25
3850,2015-10-16,1.25
3851,2015-10-17,1.25
3852,2015-10-18,1.25
3853,2015-10-19,1.25
3854,2015-10-20,1.25
3855,2015-10-21,1.25
3856,2015-10-22,1.25
3857,2015-10-23,1.25
3858,2015-10-24,1.25
3859,2015-10-25,1.25
3860,2015-10-26,1.25
3861,2015-10-27,1.25
3862,2015-10-28,1.25
3863,2015-10-29,1.25
3864,2015-10-30,1.25
3865,2015-10-31,1.25
3866,2015-11-01,1.25
3867,2015-11-02,1.25
3868,2015-11-03,1.25
3869,2015-11-04,1.25
3870,2015-11-05,1.25
3871,2015-11-06,1.25
3872,2015-11-07,1.25
3873,2015-11-08,1.25
3874,2015-11-09,1.25
3875,2015-11-10,1.25
3876,2015-11-11,1.25
3877,2015-11-12,1.25
3878,2015-11-13,1.25
3879,2015-11-14,1.25
3880,2015-11-15,1.25
3881,2015-11-16,1.25
3882,2015-11-17,1.25
3883,2015-11-18,1.25
3884,2015-11-19,1.25
3885,2015-11-20,1.25
3886,2015-11-21,1.25
3887,2015-11-22,1.25
3888,2015-11-23,1.25
3889,2015-11-24,1.25
3890,2015-11-25,1.25
3891,2015-11-26,1.25
3892,2015-11-27,1.25
3893,2015-11-28,1.25
3894,2015-11-29,1.25
3895,2015-11-30,1.25
3896,2015-12-01,1.25
3897,2015-12-02,1.25
3898,2015-12-03,1.25
3899,2015-12-04,1.25
3900,2015-12-05,1.25
3901,2015-12-06,1.25
3902,2015-12-07,1.25
3903,2015-12-08,1.25
3904,2015-12-09,1.25
3905,2015-12-10,1.25
3906,2015-12-11,1.25
3907,2015-12-12,1.25
3908,2015-12-13,1.25
3909,2015-12-14,1.25
3910,2015-12-15,1.25
3911,2015-12-16,1.25
3912,2015-12-17,1.25
3913,2015-12-18,1.25
3914,2015-12-19,1.25
3915,2015-12-20,1.25
3916,2015-12-21,1.25
3917,2015-12-22,1.25
3918,2015-12-23,1.25
3919,2015-12-24,1.25
3920,2015-12-25,1.25
3921,2015-12-26,1.25
3922,2015-12-27,1.25
3923,2015-12-28,1.25
3924,2015-12-29,1.25
3925,2015-12-30,1.25
3926,2015-12-31,1.25
3927,2016-01-01,1.25
3928,2016-01-02,1.25
3929,2016-01-03,1.25
3930,2016-01-04,1.25
3931,2016-01-05,1.25
3932,2016-01-06,1.25
3933,2016-01-07,1.25
3934,2016-01-08,1.25
3935,2016-01-09,1.25
3936,2016-01-10,1.25
3937,2016-01-11,1.25
3938,2016-01-12,1.25
3939,2016-01-13,1.25
3940,2016-01-14,1.25
3941,2016-01-15,1.25
3942,2016-01-16,1.25
3943,2016-01-17,1.25
3944,2016-01-18,1.25
3945,2016-01-19,1.25
3946,2016-01-20,1.25
3947,2016-01-21,1.25
3948,2016-01-22,1.25
3949,2016-01-23,1.25
3950,2016-01-24,1.25
3951,2016-01-25,1.25
3952,2016-01-26,1.25
3953,2016-01-27,1.25
3954,2016-01-28,1.25
3955,2016-01-29,1.25
3956,2016-01-30,1.25
3957,2016-01-31,1.25
3958,2016-02-01,1.25
3959,2016-02-02,1.25
3960,2016-02-03,1.25
3961,2016-02-04,1.25
3962,2016-02-05,1.25
3963,2016-02-06,1.25
3964,2016-02-07,1.25
3965,2016-02-08,1.25
3966,2016-02-09,1.25
3967,2016-02-10,1.25
3968,2016-02-11,1.25
3969,2016-02-12,1.25
3970,2016-02-13,1.25
3971,2016-02-14,1.25
3972,2016-02-15,1.25
3973,2016-02-16,1.25
3974,2016-02-17,1.25
3975,2016-02-18,1.25
3976,2016-02-19,1.25
3977,2016-02-20,1.25
3978,2016-02-21,1.25
3979,2016-02-22,1.25
3980,2016-02-23,1.25
3981,2016-02-24,1.25
3982,2016-02-25,1.25
3983,2016-02-26,1.25
3984,2016-02-27,1.25
3985,2016-02-28,1.25
3986,2016-02-29,1.25
3987,2016-03-01,1.25
3988,2016-03-02,1.25
3989,2016-03-03,1.25
3990,2016-03-04,1.25
3991,2016-03-05,1.25
3992,2016-03-06,1.25
3993,2016-03-07,1.25
3994,2016-03-08,1.25
3995,2016-03-09,1.25
3996,2016-03-10,1.25
3997,2016-03-11,1.25
3998,2016-03-12,1.25
3999,2016-03-13,1.25
4000,2016-03-14,1.25
4001,2016-03-15,1.25
4002,2016-03-16,1.25
4003,2016-03-17,1.25
4004,2016-03-18,1.25
4005,2016-03-19,1.25
4006,2016-03-20,1.25
4007,2016-03-21,1.25
4008,2016-03-22,1.25
4009,2016-03-23,1.25
4010,2016-03-24,1.25
4011,2016-03-25,1.25
4012,2016-03-26,1.25
4013,2016-03-27,1.25
4014,2016-03-28,1.25
4015,2016-03-29,1.25
4016,2016-03-30,1.25
4017,2016-03-31,1.25
4018,2016-04-01,1.25
4019,2016-04-02,1.25
4020,2016-04-03,1.25
4021,2016-04-04,1.25
4022,2016-04-05,1.25
4023,2016-04-06,1.25
4024,2016-04-07,1.25
4025,2016-04-08,1.25
4026,2016-04-09,1.25
4027,2016-04-10,1.25
4028,2016-04-11,1.25
4029,2016-04-12,1.25
4030,2016-04-13,1.25
4031,2016-04-14,1.25
4032,2016-04-15,1.25
4033,2016-04-16,1.25
4034,2016-04-17,1.25
4035,2016-04-18,1.25
4036,2016-04-19,1.25
4037,2016-04-20,1.25
4038,2016-04-21,1.25
4039,2016-04-22,1.25
4040,2016-04-23,1.25
4041,2016-04-24,1.25
4042,2016-04-25,1.25
4043,2016-04-26,1.25
4044,2016-04-27,1.25
4045,2016-04-28,1.25
4046,2016-04-29,1.25
4047,2016-04-30,1.25
4048,2016-05-01,1.25
4049,2016-05-02,1.25
4050,2016-05-03,1.25
4051,2016-05-04,1.25
4052,2016-05-05,1.25
4053,2016-05-06,1.25
4054,2016-05-07,1.25
4055,2016-05-08,1.25
4056,2016-05-09,1.25
4057,2016-05-10,1.25
4058,2016-05-11,1.25
4059,2016-05-12,1.25
4060,2016-05-13,1.25
4061,2016-05-14,1.25
4062,2016-05-15,1.25
4063,2016-05-16,1.25
4064,2016-05-17,1.25
4065,2016-05-18,1.25
4066,2016-05-19,1.25
4067,2016-05-20,1.25
4068,2016-05-21,1.25
4069,2016-05-22,1.25
4070,2016-05-23,1.25
4071,2016-05-24,1.25
4072,2016-05-25,1.25
4073,2016-05-26,1.25
4074,2016-05-27,1.25
4075,2016-05-28,1.25
4076,2016-05-29,1.25
4077,2016-05-30,1.25
4078,2016-05-31,1.25
4079,2016-06-01,1.25
4080,2016-06-02,1.25
4081,2016-06-03,1.25
4082,2016-06-04,1.25
4083,2016-06-05,1.25
4084,2016-06-06,1.25
4085,2016-06-07,1.25
4086,2016-06-08,1.25
4087,2016-06-09,1.25
4088,2016-06-10,1.50
4089,2016-06-11,1.50
4090,2016-06-12,1.50
4091,2016-06-13,1.50
4092,2016-06-14,1.50
4093,2016-06-15,1.50
4094,2016-06-16,1.50
4095,2016-06-17,1.50
4096,2016-06-18,1.50
4097,2016-06-19,1.50
4098,2016-06-20,1.50
4099,2016-06-21,1.50
4100,2016-06-22,1.50
4101,2016-06-23,1.50
4102,2016-06-24,1.50
4103,2016-06-25,1.50
4104,2016-06-26,1.50
4105,2016-06-27,1.50
4106,2016-06-28,1.50
4107,2016-06-29,1.50
4108,2016-06-30,1.50
4109,2016-07-01,1.50
4110,2016-07-02,1.50
4111,2016-07-03,1.50
4112,2016-07-04,1.50
4113,2016-07-05,1.50
4114,2016-07-06,1.50
4115,2016-07-07,1.50
4116,2016-07-08,1.50
4117,2016-07-09,1.50
4118,2016-07-10,1.50
4119,2016-07-11,1.50
4120,2016-07-12,1.50
4121,2016-07-13,1.50
4122,2016-07-14,1.50
4123,2016-07-15,1.50
4124,2016-07-16,1.50
4125,2016-07-17,1.50
4126,2016-07-18,1.50
4127,2016-07-19,1.50
4128,2016-07-20,1.50
4129,2016-07-21,1.50
4130,2016-07-22,1.50
4131,2016-07-23,1.50
4132,2016-07-24,1.50
4133,2016-07-25,1.50
4134,2016-07-26,1.50
4135,2016-07-27,1.50
4136,2016-07-28,1.50
4137,2016-07-29,1.50
4138,2016-07-30,1.50
4139,2016-07-31,1.50
4140,2016-08-01,1.50
4141,2016-08-02,1.50
4142,2016-08-03,1.50
4143,2016-08-04,1.50
4144,2016-08-05,1.50
4145,2016-08-06,1.50
4146,2016-08-07,1.50
4147,2016-08-08,1.50
4148,2016-08-09,1.50
4149,2016-08-10,1.50
4150,2016-08-11,1.50
4151,2016-08-12,1.50
4152,2016-08-13,1.50
4153,2016-08-14,1.50
4154,2016-08-15,1.50
4155,2016-08-16,1.50
4156,2016-08-17,1.50
4157,2016-08-18,1.50
4158,2016-08-19,1.50
4159,2016-08-20,1.50
4160,2016-08-21,1.50
4161,2016-08-22,1.50
4162,2016-08-23,1.50
4163,2016-08-24,1.50
4164,2016-08-25,1.50
4165,2016-08-26,1.50
4166,2016-08-27,1.50
4167,2016-08-28,1.50
4168,2016-08-29,1.50
4169,2016-08-30,1.50
4170,2016-08-31,1.50
4171,2016-09-01,1.50
4172,2016-09-02,1.50
4173,2016-09-03,1.50
4174,2016-09-04,1.50
4175,2016-09-05,1.50
4176,2016-09-06,1.50
4177,2016-09-07,1.50
4178,2016-09-08,1.50
4179,2016-09-09,1.50
4180,2016-09-10,1.50
4181,2016-09-11,1.50
4182,2016-09-12,1.50
4183,2016-09-13,1.50
4184,2016-09-14,1.50
4185,2016-09-15,1.50
4186,2016-09-16,1.50
4187,2016-09-17,1.50
4188,2016-09-18,1.50
4189,2016-09-19,1.50
4190,2016-09-20,1.50
4191,2016-09-21,1.50
4192,2016-09-22,1.50
4193,2016-09-23,1.50
4194,2016-09-24,1.50
4195,2016-09-25,1.50
4196,2016-09-26,1.50
4197,2016-09-27,1.50
4198,2016-09-28,1.50
4199,2016-09-29,1.50
4200,2016-09-30,1.50
4201,2016-10-01,1.50
4202,2016-10-02,1.50
4203,2016-10-03,1.50
4204,2016-10-04,1.50
4205,2016-10-05,1.50
4206,2016-10-06,1.50
4207,2016-10-07,1.50
4208,2016-10-08,1.50
4209,2016-10-09,1.50
4210,2016-10-10,1.50
4211,2016-10-11,1.50
4212,2016-10-12,1.50
4213,2016-10-13,1.50
4214,2016-10-14,1.50
4215,2016-10-15,1.50
4216,2016-10-16,1.50
4217,2016-10-17,1.50
4218,2016-10-18,1.50
4219,2016-10-19,1.50
4220,2016-10-20,1.50
4221,2016-10-21,1.50
4222,2016-10-22,1.50
4223,2016-10-23,1.50
4224,2016-10-24,1.50
4225,2016-10-25,1.50
4226,2016-10-26,1.50
4227,2016-10-27,1.50
4228,2016-10-28,1.50
4229,2016-10-29,1.50
4230,2016-10-30,1.50
4231,2016-10-31,1.50
4232,2016-11-01,1.50
4233,2016-11-02,1.50
4234,2016-11-03,1.50
4235,2016-11-04,1.50
4236,2016-11-05,1.50
4237,2016-11-06,1.50
4238,2016-11-07,1.50
4239,2016-11-08,1.50
4240,2016-11-09,1.50
4241,2016-11-10,1.50
4242,2016-11-11,1.50
4243,2016-11-12,1.50
4244,2016-11-13,1.50
4245,2016-11-14,1.50
4246,2016-11-15,1.50
4247,2016-11-16,1.50
4248,2016-11-17,1.50
4249,2016-11-18,1.50
4250,2016-11-19,1.50
4251,2016-11-20,1.50
4252,2016-11-21,1.50
4253,2016-11-22,1.50
4254,2016-11-23,1.50
4255,2016-11-24,1.50
4256,2016-11-25,1.50
4257,2016-11-26,1.50
4258,2016-11-27,1.50
4259,2016-11-28,1.50
4260,2016-11-29,1.50
4261,2016-11-30,1.50
4262,2016-12-01,1.50
4263,2016-12-02,1.50
4264,2016-12-03,1.50
4265,2016-12-04,1.50
4266,2016-12-05,1.50
4267,2016-12-06,1.50
4268,2016-12-07,1.50
4269,2016-12-08,1.50
4270,2016-12-09,1.50
4271,2016-12-10,1.50
4272,2016-12-11,1.50
4273,2016-12-12,1.50
4274,2016-12-13,1.50
4275,2016-12-14,1.50
4276,2016-12-15,1.50
4277,2016-12-16,1.50
4278,2016-12-17,1.50
4279,2016-12-18,1.50
4280,2016-12-19,1.50
4281,2016-12-20,1.50
4282,2016-12-21,1.50
4283,2016-12-22,1.50
4284,2016-12-23,1.50
4285,2016-12-24,1.50
4286,2016-12-25,1.50
4287,2016-12-26,1.50
4288,2016-12-27,1.50
4289,2016-12-28,1.50
4290,2016-12-29,1.50
4291,2016-12-30,1.50
4292,2016-12-31,1.50
4293,2017-01-01,1.50
4294,2017-01-02,1.50
4295,2017-01-03,1.50
4296,2017-01-04,1.50
4297,2017-01-05,1.50
4298,2017-01-06,1.50
4299,2017-01-07,1.50
4300,2017-01-08,1.50
4301,2017-01-09,1.50
4302,2017-01-10,1.50
4303,2017-01-11,1.50
4304,2017-01-12,1.50
4305,2017-01-13,1.50
4306,2017-01-14,1.50
4307,2017-01-15,1.50
4308,2017-01-16,1.50
4309,2017-01-17,1.50
4310,2017-01-18,1.50
4311,2017-01-19,1.50
4312,2017-01-20,1.50
4313,2017-01-21,1.50
4314,2017-01-22,1.50
4315,2017-01-23,1.50
4316,2017-01-24,1.50
4317,2017-01-25,1.50
4318,2017-01-26,1.50
4319,2017-01-27,1.50
4320,2017-01-28,1.50
4321,2017-01-29,1.50
4322,2017-01-30,1.50
4323,2017-01-31,1.50
4324,2017-02-01,1.50
4325,2017-02-02,1.50
4326,2017-02-03,1.50
4327,2017-02-04,1.50
4328,2017-02-05,1.50
4329,2017-02-06,1.50
4330,2017-02-07,1.50
4331,2017-02-08,1.50
4332,2017-02-09,1.50
4333,2017-02-10,1.50
4334,2017-02-11,1.50
4335,2017-02-12,1.50
4336,2017-02-13,1.50
4337,2017-02-14,1.50
4338,2017-02-15,1.50
4339,2017-02-16,1.50
4340,2017-02-17,1.50
4341,2017-02-18,1.50
4342,2017-02-19,1.50
4343,2017-02-20,1.50
4344,2017-02-21,1.50
4345,2017-02-22,1.50
4346,2017-02-23,1.50
4347,2017-02-24,1.50
4348,2017-02-25,1.50
4349,2017-02-26,1.50
4350,2017-02-27,1.50
4351,2017-02-28,1.50
4352,2017-03-01,1.50
4353,2017-03-02,1.50
4354,2017-03-03,1.50
4355,2017-03-04,1.50
4356,2017-03-05,1.50
4357,2017-03-06,1.50
4358,2017-03-07,1.50
4359,2017-03-08,1.50
4360,2017-03-09,1.50
4361,2017-03-10,1.50
4362,2017-03-11,1.50
4363,2017-03-12,1.50
4364,2017-03-13,1.50
4365,2017-03-14,1.50
4366,2017-03-15,1.50
4367,2017-03-16,1.50
4368,2017-03-17,1.50
4369,2017-03-18,1.50
4370,2017-03-19,1.50
4371,2017-03-20,1.50
4372,2017-03-21,1.50
4373,2017-03-22,1.50
4374,2017-03-23,1.50
4375,2017-03-24,1.50
4376,2017-03-25,1.50
4377,2017-03-26,1.50
4378,2017-03-27,1.50
4379,2017-03-28,1.50
4380,2017-03-29,1.50
4381,2017-03-30,1.50
4382,2017-03-31,1.50
4383,2017-04-01,1.50
4384,2017-04-02,1.50
4385,2017-04-03,1.50
4386,2017-04-04,1.50
4387,2017-04-05,1.50
4388,2017-04-06,1.50
4389,2017-04-07,1.50
4390,2017-04-08,1.50
4391,2017-04-09,1.50
4392,2017-04-10,1.50
4393,2017-04-11,1.50
4394,2017-04-12,1.50
4395,2017-04-13,1.50
4396,2017-04-14,1.50
4397,2017-04-15,1.50
4398,2017-04-16,1.50
4399,2017-04-17,1.50
4400,2017-04-18,1.50
4401,2017-04-19,1.50
4402,2017-04-20,1.50
4403,2017-04-21,1.50
4404,2017-04-22,1.50
4405,2017-04-23,1.50
4406,2017-04-24,1.50
4407,2017-04-25,1.50
4408,2017-04-26,1.50
4409,2017-04-27,1.50
4410,2017-04-28,1.50
4411,2017-04-29,1.50
4412,2017-04-30,1.50
4413,2017-05-01,1.50
4414,2017-05-02,1.50
4415,2017-05-03,1.50
4416,2017-05-04,1.50
4417,2017-05-05,1.50
4418,2017-05-06,1.50
4419,2017-05-07,1.50
4420,2017-05-08,1.50
4421,2017-05-09,1.50
4422,2017-05-10,1.50
4423,2017-05-11,1.50
4424,2017-05-12,1.50
4425,2017-05-13,1.50
4426,2017-05-14,1.50
4427,2017-05-15,1.50
4428,2017-05-16,1.50
4429,2017-05-17,1.50
4430,2017-05-18,1.50
4431,2017-05-19,1.50
4432,2017-05-20,1.50
4433,2017-05-21,1.50
4434,2017-05-22,1.50
4435,2017-05-23,1.50
4436,2017-05-24,1.50
4437,2017-05-25,1.50
4438,2017-05-26,1.50
4439,2017-05-27,1.50
4440,2017-05-28,1.50
4441,2017-05-29,1.50
4442,2017-05-30,1.50
4443,2017-05-31,1.50
4444,2017-06-01,1.50
4445,2017-06-02,1.50
4446,2017-06-03,1.50
4447,2017-06-04,1.50
4448,2017-06-05,1.50
4449,2017-06-06,1.50
4450,2017-06-07,1.50
4451,2017-06-08,1.50
4452,2017-06-09,1.50
4453,2017-06-10,1.50
4454,2017-06-11,1.50
4455,2017-06-12,1.50
4456,2017-06-13,1.50
4457,2017-06-14,1.50
4458,2017-06-15,1.50
4459,2017-06-16,1.50
4460,2017-06-17,1.50
4461,2017-06-18,1.50
4462,2017-06-19,1.50
4463,2017-06-20,1.50
4464,2017-06-21,1.50
4465,2017-06-22,1.50
4466,2017-06-23,1.50
4467,2017-06-24,1.50
4468,2017-06-25,1.50
4469,2017-06-26,1.50
4470,2017-06-27,1.50
4471,2017-06-28,1.50
4472,2017-06-29,1.50
4473,2017-06-30,1.50
4474,2017-07-01,1.50
4475,2017-07-02,1.50
4476,2017-07-03,1.50
4477,2017-07-04,1.50
4478,2017-07-05,1.50
4479,2017-07-06,1.50
4480,2017-07-07,1.50
4481,2017-07-08,1.50
4482,2017-07-09,1.50
4483,2017-07-10,1.50
4484,2017-07-11,1.50
4485,2017-07-12,1.50
4486,2017-07-13,1.50
4487,2017-07-14,1.50
4488,2017-07-15,1.50
4489,2017-07-16,1.50
4490,2017-07-17,1.50
4491,2017-07-18,1.50
4492,2017-07-19,1.50
4493,2017-07-20,1.50
4494,2017-07-21,1.50
4495,2017-07-22,1.50
4496,2017-07-23,1.50
4497,2017-07-24,1.50
4498,2017-07-25,1.50
4499,2017-07-26,1.50
4500,2017-07-27,1.50
4501,2017-07-28,1.50
4502,2017-07-29,1.50
4503,2017-07-30,1.50
4504,2017-07-31,1.50
4505,2017-08-01,1.50
4506,2017-08-02,1.50
4507,2017-08-03,1.50
4508,2017-08-04,1.50
4509,2017-08-05,1.50
4510,2017-08-06,1.50
4511,2017-08-07,1.50
4512,2017-08-08,1.50
4513,2017-08-09,1.50
4514,2017-08-10,1.50
4515,2017-08-11,1.50
4516,2017-08-12,1.50
4517,2017-08-13,1.50
4518,2017-08-14,1.50
4519,2017-08-15,1.50
4520,2017-08-16,1.50
4521,2017-08-17,1.50
4522,2017-08-18,1.50
4523,2017-08-19,1.50
4524,2017-08-20,1.50
4525,2017-08-21,1.50
4526,2017-08-22,1.50
4527,2017-08-23,1.50
4528,2017-08-24,1.50
4529,2017-08-25,1.50
4530,2017-08-26,1.50
4531,2017-08-27,1.50
4532,2017-08-28,1.50
4533,2017-08-29,1.50
4534,2017-08-30,1.50
4535,2017-08-31,1.50
4536,2017-09-01,1.50
4537,2017-09-02,1.50
4538,2017-09-03,1.50
4539,2017-09-04,1.50
4540,2017-09-05,1.50
4541,2017-09-06,1.50
4542,2017-09-07,1.50
4543,2017-09-08,1.50
4544,2017-09-09,1.50
4545,2017-09-10,1.50
4546,2017-09-11,1.50
4547,2017-09-12,1.50
4548,2017-09-13,1.50
4549,2017-09-14,1.50
4550,2017-09-15,1.50
4551,2017-09-16,1.50
4552,2017-09-17,1.50
4553,2017-09-18,1.50
4554,2017-09-19,1.50
4555,2017-09-20,1.50
4556,2017-09-21,1.50
4557,2017-09-22,1.50
4558,2017-09-23,1.50
4559,2017-09-24,1.50
4560,2017-09-25,1.50
4561,2017-09-26,1.50
4562,2017-09-27,1.50
4563,2017-09-28,1.50
4564,2017-09-29,1.50
4565,2017-09-30,1.50
4566,2017-10-01,1.50
4567,2017-10-02,1.50
4568,2017-10-03,1.50
4569,2017-10-04,1.50
4570,2017-10-05,1.50
4571,2017-10-06,1.50
4572,2017-10-07,1.50
4573,2017-10-08,1.50
4574,2017-10-09,1.50
4575,2017-10-10,1.50
4576,2017-10-11,1.50
4577,2017-10-12,1.50
4578,2017-10-13,1.50
4579,2017-10-14,1.50
4580,2017-10-15,1.50
4581,2017-10-16,1.50
4582,2017-10-17,1.50
4583,2017-10-18,1.50
4584,2017-10-19,1.50
4585,2017-10-20,1.50
4586,2017-10-21,1.50
4587,2017-10-22,1.50
4588,2017-10-23,1.50
4589,2017-10-24,1.50
4590,2017-10-25,1.50
4591,2017-10-26,1.50
4592,2017-10-27,1.50
4593,2017-10-28,1.50
4594,2017-10-29,1.50
4595,2017-10-30,1.50
4596,2017-10-31,1.50
4597,2017-11-01,1.50
4598,2017-11-02,1.50
4599,2017-11-03,1.50
4600,2017-11-04,1.50
4601,2017-11-05,1.50
4602,2017-11-06,1.50
4603,2017-11-07,1.50
4604,2017-11-08,1.50
4605,2017-11-09,1.50
4606,2017-11-10,1.50
4607,2017-11-11,1.50
4608,2017-11-12,1.50
4609,2017-11-13,1.50
4610,2017-11-14,1.50
4611,2017-11-15,1.50
4612,2017-11-16,1.50
4613,2017-11-17,1.50
4614,2017-11-18,1.50
4615,2017-11-19,1.50
4616,2017-11-20,1.50
4617,2017-11-21,1.50
4618,2017-11-22,1.50
4619,2017-11-23,1.50
4620,2017-11-24,1.50
4621,2017-11-25,1.50
4622,2017-11-26,1.50
4623,2017-11-27,1.50
4624,2017-11-28,1.50
4625,2017-11-29,1.50
4626,2017-11-30,1.50
4627,2017-12-01,1.50
4628,2017-12-02,1.50
4629,2017-12-03,1.50
4630,2017-12-04,1.50
4631,2017-12-05,1.50
4632,2017-12-06,1.50
4633,2017-12-07,1.50
4634,2017-12-08,1.50
4635,2017-12-09,1.50
4636,2017-12-10,1.50
4637,2017-12-11,1.50
4638,2017-12-12,1.50
4639,2017-12-13,1.50
4640,2017-12-14,1.50
4641,2017-12-15,1.50
4642,2017-12-16,1.50
4643,2017-12-17,1.50
4644,2017-12-18,1.50
4645,2017-12-19,1.50
4646,2017-12-20,1.50
4647,2017-12-21,1.50
4648,2017-12-22,1.50
4649,2017-12-23,1.50
4650,2017-12-24,1.50
4651,2017-12-25,1.50
4652,2017-12-26,1.50
4653,2017-12-27,1.50
4654,2017-12-28,1.50
4655,2017-12-29,1.50
4656,2017-12-30,1.50
4657,2017-12-31,1.50
